<!-- CFCM hooks file -->

<!-- Set category field_group id on admin category update page --> 
<hook id="admin_update_category">
<![CDATA[
	$data['field_group'] = $this->input->post('field_group');
	$data['category_field_group'] = $this->input->post('category_field_group');

    $this->load->module('cfcm')->save_item_data($cat_id, 'category');
    $this->cache->delete('cfcm_field_'.$cat_id.'category');


    $this->db->select('id');
    $this->db->where('parent_id', $cat_id);
    $cats = $this->db->get('category');

    if($cats->num_rows() > 0)
    {
        foreach($cats->result_array() as $c)
        {
            $id = $c['id'];

            if($_POST['apply_for_subcats'])
            {
                $this->db->where('id', $id);
                $this->db->update('category', array('field_group'=>$data['field_group']));
            }
            if($_POST['category_apply_for_subcats'])
            {
                $this->db->where('id', $id);
                $this->db->update('category', array('category_field_group'=>$data['category_field_group']));
            }
        }
    }
]]>
</hook>

<hook id="cfcm_set_rules">
    <![CDATA[
            $fields = $this->db
                ->where("content_fields.data like '%required%'")
                ->or_where("content_fields.data like '%validation%'")
                ->where('group_id', $groupId)
                ->join('content_fields', 'content_fields.field_name = content_fields_groups_relations.field_name')
                ->get('content_fields_groups_relations')
                ->result_array();
        
        foreach ($fields as $field)
        {
            $data = unserialize ($field['data']);
            $str = '';
            if ($data['required'])
                $str .= 'required|';
            if ($data['validation'])
                $str .= $data['validation'];
                
            $this->form_validation->set_rules($field['field_name'], $data['label'], $str);
        }
    ]]>
</hook>

<hook id="admin_create_category">
<![CDATA[
    $data['field_group'] = $this->input->post('field_group');
    $data['category_field_group'] = $this->input->post('category_field_group');

    $this->db->select('id');
    $this->db->where('parent_id', $cat_id);
    $cats = $this->db->get('category');

    if($cats->num_rows() > 0)
    {
        foreach($cats->result_array() as $c)
        {
            $id = $c['id'];

            if($_POST['apply_for_subcats'])
            {
                $this->db->where('id', $id);
                $this->db->update('category', array('field_group'=>$data['field_group']));
            }
            if($_POST['category_apply_for_subcats'])
            {
                $this->db->where('id', $id);
                $this->db->update('category', array('category_field_group'=>$data['category_field_group']));
            }
        }
    }
]]>
</hook>

<hook id="admin_page_update">
<![CDATA[
    $this->load->module('cfcm')->save_item_data($page_id, 'page');
    $this->cache->delete('cfcm_field_'.$page_id.'page');
]]>
</hook>

<hook id="admin_on_page_add">
<![CDATA[
    $this->load->module('cfcm')->save_item_data($page['id'], 'page');
]]>
</hook>

<hook id="admin_page_insert">
<![CDATA[
    $this->load->module('cfcm')->save_item_data('0', 'page');
]]>
</hook>

<!-- Core assign page data -->
<hook id="core_set_page_data">
<![CDATA[
    $this->page_content = $this->load->module('cfcm')->connect_fields($this->page_content, 'page');
]]>
</hook>

<hook id="core_read_main_page_tpl">
<![CDATA[
    $page = $this->load->module('cfcm')->connect_fields($page, 'page');
]]>
</hook>

<hook id="core_return_category_pages">
<![CDATA[
if (count($pages) > 0 AND is_array($pages))
{
    $n = 0;
    foreach ($pages as $p)
    {
        $pages[$n] = $this->load->module('cfcm')->connect_fields($p, 'page');
        $n++;
    }
}
]]>
</hook>

<hook id="cmsbase_return_categories">
<![CDATA[
    $n = 0;
    $ci =& get_instance();
    $ci->load->library('DX_Auth');
    foreach ($categories as $c)
    {
        $categories[$n] = $ci->load->module('cfcm')->connect_fields($c, 'category');
        $n++;
    }
]]>
</hook>

<hook id="admin_on_page_delete">
<![CDATA[
    $this->db->where('item_id', $page_id);
    $this->db->where('item_type', 'page');
    $this->db->delete('content_fields_data');

    $this->cache->delete('cfcm_field_'.$page_id.'page');
]]>
</hook>

<hook id="admin_category_delete">
<![CDATA[
    $this->db->where('item_id', $cat_id);
    $this->db->where('item_type', 'category');
    $this->db->delete('content_fields_data');
]]>
</hook>

<hook id="admin_sub_category_delete">
<![CDATA[
    $this->db->where('item_id', $cat_id);
    $this->db->where('item_type', 'category');
    $this->db->delete('content_fields_data');
]]>
</hook>

<!-- Add new tab on add page. --> 
<hook id="admin_tpl_add_page">
<![CDATA[
    echo '<h4>'.lang("Additional fields").'</h4>';
	echo '<div style="padding:8px;" id="cfcm_fields_block"></div>';

    echo '
    <script type="text/javascript">
           $("category_selectbox").addEvent("change", function(event){
            category_id = $("category_selectbox").value;
            ajax_div("cfcm_fields_block",  base_url + "admin/components/cp/cfcm/form_from_category_group/" + category_id + "/0/page");
           });

            // Load current category fields
            window.addEvent("domready", function(){
                category_id = $("category_selectbox").value;
                ajax_div("cfcm_fields_block",  base_url + "admin/components/cp/cfcm/form_from_category_group/" + category_id + "/0/page");
            });
    </script>
    ';
]]>
</hook>

<hook id="admin_tpl_edit_page">
<![CDATA[
    echo '<h4>'.lang("Additional fields").'</h4>';
	echo '<div style="padding:8px;" id="cfcm_fields_block"></div>';

    echo '
    <script type="text/javascript">
           var update_page_id = '.$update_page_id.';

           $("category_selectbox").addEvent("change", function(event){
            category_id = $("category_selectbox").value;
            ajax_div("cfcm_fields_block",  base_url + "admin/components/cp/cfcm/form_from_category_group/" + category_id + "/" + update_page_id + "/page");
           });

            // Load current category fields
            window.addEvent("domready", function(){
                category_id = $("category_selectbox").value;
                ajax_div("cfcm_fields_block",  base_url + "admin/components/cp/cfcm/form_from_category_group/" + category_id + "/" + update_page_id + "/page");
            });
    </script>
    ';
]]>
</hook>

<hook id="admin_tpl_edit_category">
<![CDATA[
    echo $this->CI->load->module('cfcm/admin')->form_from_category_group($id, $id, 'category');
]]>
</hook>
