-- phpMyAdmin SQL Dump
-- version 3.4.10.1deb1
-- http://www.phpmyadmin.net
--
-- Host: localhost
-- Generation Time: May 28, 2014 at 11:46 AM
-- Server version: 5.5.32
-- PHP Version: 5.4.25-1+sury.org~precise+2

SET SQL_MODE="NO_AUTO_VALUE_ON_ZERO";
SET time_zone = "+00:00";


/*!40101 SET @OLD_CHARACTER_SET_CLIENT=@@CHARACTER_SET_CLIENT */;
/*!40101 SET @OLD_CHARACTER_SET_RESULTS=@@CHARACTER_SET_RESULTS */;
/*!40101 SET @OLD_COLLATION_CONNECTION=@@COLLATION_CONNECTION */;
/*!40101 SET NAMES utf8 */;

--
-- Database: `imagecms`
--

-- --------------------------------------------------------

--
-- Table structure for table `category`
--

DROP TABLE IF EXISTS `category`;
CREATE TABLE IF NOT EXISTS `category` (
  `id` int(11) NOT NULL AUTO_INCREMENT,
  `parent_id` int(11) NOT NULL DEFAULT '0',
  `position` mediumint(5) NOT NULL DEFAULT '0',
  `name` varchar(160) NOT NULL,
  `title` varchar(250) DEFAULT NULL,
  `short_desc` text NOT NULL,
  `url` varchar(300) NOT NULL,
  `image` varchar(250) DEFAULT NULL,
  `keywords` text,
  `description` text,
  `fetch_pages` text NOT NULL,
  `main_tpl` varchar(50) NOT NULL,
  `tpl` varchar(50) DEFAULT NULL,
  `page_tpl` varchar(50) DEFAULT NULL,
  `per_page` smallint(5) NOT NULL,
  `order_by` varchar(25) NOT NULL,
  `sort_order` varchar(25) NOT NULL,
  `comments_default` tinyint(1) NOT NULL DEFAULT '0',
  `field_group` int(11) NOT NULL,
  `category_field_group` int(11) NOT NULL,
  `settings` varchar(10000) DEFAULT NULL,
  `created` int(11) NOT NULL,
  `updated` int(11) NOT NULL,
  PRIMARY KEY (`id`),
  KEY `name` (`name`),
  KEY `url` (`url`)
) ENGINE=MyISAM  DEFAULT CHARSET=utf8 AUTO_INCREMENT=62 ;

--
-- Dumping data for table `category`
--

INSERT INTO `category` (`id`, `parent_id`, `position`, `name`, `title`, `short_desc`, `url`, `image`, `keywords`, `description`, `fetch_pages`, `main_tpl`, `tpl`, `page_tpl`, `per_page`, `order_by`, `sort_order`, `comments_default`, `field_group`, `category_field_group`, `settings`, `created`, `updated`) VALUES
(56, 0, 0, 'Услуги', '', '<p>Помимо разработки и продажи роботов различных конфигураций, наша компания предоставляет также полный спектр услуг связанных с работоспособностью роботов. Со всем списком Вы можете ознакомиться ниже.</p>', 'usluhi', '', '', '', 'b:0;', '', 'category_services', 'page_service', 15, 'position', 'asc', 0, 7, -1, 'a:2:{s:26:"category_apply_for_subcats";b:0;s:17:"apply_for_subcats";b:0;}', 1401265119, 1401265119),
(57, 0, 0, 'Новости', '', '<p>В данном разделе Вы можете ознакомиться со списком последних новостей нашей компании, а возможно и с последними галактическими новостями в мире роботехники.</p>', 'novosti', '', '', '', 'b:0;', '', 'news', '', 1, 'publish_date', 'desc', 0, -1, -1, 'a:2:{s:26:"category_apply_for_subcats";b:0;s:17:"apply_for_subcats";b:0;}', 1401265119, 1401265119),
(55, 0, 0, 'Продукция', '', '<p>В данном разделе представлена вся продукция компании <strong>ImageRobotics</strong>, раздел постоянно пополняется, мы не стоим на месте и скоро наши роботы смогу еще больше.</p>', 'produktsiia', '', '', '', 'b:0;', '', 'category_products', 'page_product', 1, 'position', 'asc', 0, 7, -1, 'a:2:{s:26:"category_apply_for_subcats";b:0;s:17:"apply_for_subcats";b:0;}', 1401265119, 1401265119),
(58, 0, 0, 'Вакансии', '', '<p>В данном разделе собраны вакансии компании ImageRobotics. Ко всем кандидатам очень строгие требования. Для работы в нашей компании, Вам нужно как минимум обладать всеми знаниями нашей Галактики. <strong>"Простым вундеркиндам" просьба не беспокоить!!!</strong></p>\n<p><strong>Все, кто хотят подать свое резюме, должны для начала разгадать номер факса нашего HR отдела, который зашифрован следующим кодом: 8822001112008382288018280444322211081 (подсказка 784).<br /></strong></p>', 'vakansii', '', '', '', 'b:0;', '', 'category_vacancies', 'page_vacancy', 15, 'publish_date', 'desc', 0, -1, -1, 'a:2:{s:26:"category_apply_for_subcats";b:0;s:17:"apply_for_subcats";b:0;}', 1401265119, 1401265119),
(59, 0, 0, 'Блог', '', '', 'bloh', '', '', '', 'a:2:{i:0;s:2:"60";i:1;s:2:"61";}', '', 'blog', '', 2, 'publish_date', 'desc', 1, -1, -1, 'a:2:{s:26:"category_apply_for_subcats";b:0;s:17:"apply_for_subcats";b:0;}', 1401265119, 1401265119),
(60, 59, 0, 'Кухонные роботы', '', '', 'kuhonnye_roboty', '', '', '', 'b:0;', '', 'blog', '', 15, 'publish_date', 'desc', 1, 7, -1, NULL, 1401265119, 1401265119),
(61, 59, 0, 'Человеко роботы', '', '', 'cheloveko_roboty', '', '', '', 'b:0;', '', 'blog', '', 15, 'publish_date', 'desc', 1, 7, -1, NULL, 1401265119, 1401265119);

-- --------------------------------------------------------

--
-- Table structure for table `category_translate`
--

DROP TABLE IF EXISTS `category_translate`;
CREATE TABLE IF NOT EXISTS `category_translate` (
  `id` int(11) NOT NULL AUTO_INCREMENT,
  `alias` int(11) NOT NULL,
  `name` varchar(160) NOT NULL,
  `title` varchar(250) DEFAULT NULL,
  `short_desc` text,
  `image` varchar(250) DEFAULT NULL,
  `keywords` text,
  `description` text,
  `lang` int(11) NOT NULL,
  PRIMARY KEY (`id`),
  KEY `name` (`name`,`lang`)
) ENGINE=MyISAM  DEFAULT CHARSET=utf8 AUTO_INCREMENT=6 ;

-- --------------------------------------------------------

--
-- Table structure for table `comments`
--

DROP TABLE IF EXISTS `comments`;
CREATE TABLE IF NOT EXISTS `comments` (
  `id` int(11) NOT NULL AUTO_INCREMENT,
  `module` varchar(25) NOT NULL DEFAULT 'core',
  `user_id` int(11) NOT NULL,
  `user_name` varchar(50) NOT NULL,
  `user_mail` varchar(50) NOT NULL,
  `user_site` varchar(250) NOT NULL,
  `item_id` bigint(11) NOT NULL,
  `text` text,
  `date` int(11) NOT NULL,
  `status` smallint(1) NOT NULL,
  `agent` varchar(250) NOT NULL,
  `user_ip` varchar(64) NOT NULL,
  `rate` int(11) NOT NULL,
  `text_plus` varchar(500) DEFAULT NULL,
  `text_minus` varchar(500) DEFAULT NULL,
  `like` int(11) NOT NULL,
  `disslike` int(11) NOT NULL,
  `parent` int(11) DEFAULT NULL,
  PRIMARY KEY (`id`),
  KEY `module` (`module`),
  KEY `item_id` (`item_id`),
  KEY `date` (`date`)
) ENGINE=MyISAM  DEFAULT CHARSET=utf8 AUTO_INCREMENT=68 ;

--
-- Dumping data for table `comments`
--

INSERT INTO `comments` (`id`, `module`, `user_id`, `user_name`, `user_mail`, `user_site`, `item_id`, `text`, `date`, `status`, `agent`, `user_ip`, `rate`, `text_plus`, `text_minus`, `like`, `disslike`, `parent`) VALUES
(21, 'core', 0, 'Funstarter', 'admin@localhost.loc', 'siteimage.com.ua', 80, 'Многие противоречат этой новинке, говоря, что робот не приготовит, так как человек. Он берет все в точности, не фантазирует и не добавляет ингредиенты по вкусу.  Но мы утверждаем, что такой прогресс необходим.', 1291637744, 0, 'Mozilla/5.0 (Windows; U; Windows NT 5.1; ru; rv:1.9.2.12) Gecko/20101026 Firefox/3.6.12 ( .NET CLR 3.5.30729)', '127.0.0.1', 0, NULL, NULL, 1, 0, NULL),
(22, 'core', 0, 'Funstarter', 'admin@localhost.loc', 'siteimage.com.ua', 80, 'Первые кухонные роботы обладали возможностью готовить только простые блюда или блюда дополненные покупателем. Но теперь все кухонные роботы имеют в памяти все рецепты, которые были вынесены на публику.', 1291637760, 0, 'Mozilla/5.0 (Windows; U; Windows NT 5.1; ru; rv:1.9.2.12) Gecko/20101026 Firefox/3.6.12 ( .NET CLR 3.5.30729)', '127.0.0.1', 0, NULL, NULL, 0, 0, NULL);

-- --------------------------------------------------------

--
-- Table structure for table `components`
--

DROP TABLE IF EXISTS `components`;
CREATE TABLE IF NOT EXISTS `components` (
  `id` int(11) NOT NULL AUTO_INCREMENT,
  `name` varchar(50) NOT NULL,
  `identif` varchar(25) NOT NULL,
  `enabled` int(1) NOT NULL,
  `autoload` int(1) NOT NULL,
  `in_menu` int(1) NOT NULL DEFAULT '0',
  `settings` text,
  `position` int(11) DEFAULT NULL,
  PRIMARY KEY (`id`),
  KEY `name` (`name`),
  KEY `identif` (`identif`),
  KEY `enabled` (`enabled`),
  KEY `autoload` (`autoload`)
) ENGINE=MyISAM  DEFAULT CHARSET=utf8 AUTO_INCREMENT=270 ;

--
-- Dumping data for table `components`
--

INSERT INTO `components` (`name`, `identif`, `enabled`, `autoload`, `in_menu`, `settings`, `position`) VALUES
('user_manager', 'user_manager', 0, 0, 0, NULL, 19),
('auth', 'auth', 1, 0, 0, NULL, 28),
('comments', 'comments', 1, 1, 1, 'a:5:{s:18:"max_comment_length";i:0;s:6:"period";i:0;s:11:"can_comment";i:0;s:11:"use_captcha";b:0;s:14:"use_moderation";b:0;}', 9),
('navigation', 'navigation', 0, 0, 0, NULL, 29),
('tags', 'tags', 1, 1, 0, NULL, 27),
('gallery', 'gallery', 1, 0, 0, 'a:26:{s:14:"max_image_size";s:1:"5";s:9:"max_width";s:1:"0";s:10:"max_height";s:1:"0";s:7:"quality";s:2:"95";s:14:"maintain_ratio";b:1;s:19:"maintain_ratio_prev";b:1;s:19:"maintain_ratio_icon";b:1;s:4:"crop";b:0;s:9:"crop_prev";b:0;s:9:"crop_icon";b:0;s:14:"prev_img_width";s:3:"500";s:15:"prev_img_height";s:3:"500";s:11:"thumb_width";s:3:"100";s:12:"thumb_height";s:3:"100";s:14:"watermark_text";s:0:"";s:16:"wm_vrt_alignment";s:6:"bottom";s:16:"wm_hor_alignment";s:4:"left";s:19:"watermark_font_size";s:2:"14";s:15:"watermark_color";s:6:"ffffff";s:17:"watermark_padding";s:2:"-5";s:19:"watermark_font_path";s:25:"./uploads/defaultFont.ttf";s:15:"watermark_image";s:0:"";s:23:"watermark_image_opacity";s:2:"50";s:14:"watermark_type";s:4:"text";s:8:"order_by";s:4:"date";s:10:"sort_order";s:4:"desc";}', 13),
('rss', 'rss', 1, 0, 0, 'a:5:{s:5:"title";s:9:"Image CMS";s:11:"description";s:35:"Тестируем модуль RSS";s:10:"categories";a:1:{i:0;s:1:"3";}s:9:"cache_ttl";i:60;s:11:"pages_count";i:10;}', 14),
('menu', 'menu', 0, 1, 1, NULL, 0),
('sitemap', 'sitemap', 1, 1, 0, 'a:6:{s:18:"main_page_priority";b:0;s:13:"cats_priority";b:0;s:14:"pages_priority";b:0;s:20:"main_page_changefreq";b:0;s:21:"categories_changefreq";b:0;s:16:"pages_changefreq";b:0;}', 15),
('search', 'search', 1, 0, 0, NULL, 22),
('feedback', 'feedback', 1, 0, 0, 'a:2:{s:5:"email";s:19:"admin@localhost.loc";s:15:"message_max_len";i:550;}', 25),
('template_editor', 'template_editor', 0, 0, 0, NULL, 17),
('group_mailer', 'group_mailer', 0, 0, 1, NULL, 10),
('cfcm', 'cfcm', 0, 0, 0, NULL, 16),
('sample_mail', 'sample_mail', 0, 0, 0, NULL, 20),
('mailer', 'mailer', 1, 0, 0, NULL, 21),
('share', 'share', 1, 0, 1, 'a:10:{s:5:"vkcom";s:1:"1";s:8:"facebook";s:1:"1";s:7:"twitter";s:1:"1";s:2:"gg";s:1:"1";s:4:"type";s:4:"none";s:13:"facebook_like";s:1:"1";s:7:"vk_like";s:1:"1";s:8:"vk_apiid";s:7:"3901548";s:7:"gg_like";s:1:"1";s:12:"twitter_like";s:1:"1";}', 8),
('banners', 'banners', 1, 0, 1, 'a:1:{s:8:"show_tpl";i:1;}', 1),
('cmsemail', 'cmsemail', 1, 0, 1, 'a:3:{s:2:"ru";a:13:{s:4:"from";s:41:"Интернет-магазин ImageShop";s:10:"from_email";s:18:"noreplay@client.ru";s:11:"admin_email";s:14:"info@client.ru";s:5:"theme";s:41:"Интернет-магазин ImageShop";s:12:"wraper_activ";s:2:"on";s:6:"wraper";s:304:"<h2>Интернет-магазин "ImageShop"</h2>\n<div>$content</div>\n<hr />\n<p>С уважением, Интернет-магазин "ImageShop"</p>\n<p><small>Данное письмо создано автоматически, пожалуйста не отвечайте на него.</small></p>";s:8:"mailpath";s:0:"";s:8:"protocol";s:4:"mail";s:9:"smtp_host";s:0:"";s:9:"smtp_user";s:10:"ad@min.com";s:9:"smtp_pass";s:5:"admin";s:4:"port";s:0:"";s:10:"encryption";s:0:"";}s:2:"en";a:13:{s:4:"from";s:22:"Online store ImageShop";s:10:"from_email";s:19:"noreplay@client.com";s:11:"admin_email";s:15:"info@client.com";s:5:"theme";s:22:"Online store ImageShop";s:12:"wraper_activ";s:2:"on";s:6:"wraper";s:159:"<h2>Online store "ImageShop"</h2>\n<div>$content</div>\n<hr />\n<p>Sincerely, online store "ImageShop"</p>\n<p>This is an automated email, please do not reply.</p>";s:8:"mailpath";s:0:"";s:8:"protocol";s:4:"mail";s:9:"smtp_host";s:0:"";s:9:"smtp_user";s:10:"ad@min.com";s:9:"smtp_pass";s:5:"admin";s:4:"port";s:0:"";s:10:"encryption";s:0:"";}s:2:"ua";a:13:{s:4:"from";s:41:"Інтернет-магазин ImageShop";s:10:"from_email";s:22:"noreplay@client.com.ua";s:11:"admin_email";s:18:"info@client.com.ua";s:5:"theme";s:41:"Інтернет-магазин ImageShop";s:12:"wraper_activ";s:2:"on";s:6:"wraper";s:284:"<h2>Інтернет-магазин "ImageShop"</h2>\n<div>$content</div>\n<hr />\n<p>З повагою, Інтернет-магазин "ImageShop"</p>\n<p>Даний лист створено автоматично, будь ласка не відповідайте на нього.</p>";s:8:"mailpath";s:0:"";s:8:"protocol";s:4:"mail";s:9:"smtp_host";s:0:"";s:9:"smtp_user";s:10:"ad@min.com";s:9:"smtp_pass";s:5:"admin";s:4:"port";s:0:"";s:10:"encryption";s:0:"";}}', 4),
('language_switch', 'language_switch', 0, 0, 0, NULL, 23),
('star_rating', 'star_rating', 1, 0, 0, NULL, 12),
('translator', 'translator', 1, 1, 1, 'a:2:{s:11:"originsLang";s:2:"en";s:11:"editorTheme";s:6:"chrome";}', 11),
('imagebox', 'imagebox', 0, 1, 0, NULL, 18),
('sample_module', 'sample_module', 1, 1, 0, NULL, NULL),
('seo_snippets', 'seo_snippets', 1, 1, 0, NULL, NULL),
('template_manager', 'template_manager', 1, 1, 1, NULL, NULL);

-- --------------------------------------------------------

--
-- Table structure for table `content`
--

DROP TABLE IF EXISTS `content`;
CREATE TABLE IF NOT EXISTS `content` (
  `id` bigint(11) NOT NULL AUTO_INCREMENT,
  `title` varchar(500) NOT NULL,
  `meta_title` varchar(300) DEFAULT NULL,
  `url` varchar(500) NOT NULL,
  `cat_url` varchar(260) DEFAULT NULL,
  `keywords` text,
  `description` text,
  `prev_text` text,
  `full_text` longtext NOT NULL,
  `category` int(11) NOT NULL,
  `full_tpl` varchar(50) DEFAULT NULL,
  `main_tpl` varchar(50) NOT NULL,
  `position` smallint(5) NOT NULL,
  `comments_status` smallint(1) NOT NULL,
  `comments_count` int(9) DEFAULT '0',
  `post_status` varchar(15) NOT NULL,
  `author` varchar(50) NOT NULL,
  `publish_date` int(11) NOT NULL,
  `created` int(11) NOT NULL,
  `updated` int(11) NOT NULL,
  `showed` int(11) NOT NULL,
  `lang` int(11) NOT NULL DEFAULT '0',
  `lang_alias` int(11) NOT NULL DEFAULT '0',
  PRIMARY KEY (`id`),
  KEY `url` (`url`(333)),
  KEY `lang` (`lang`),
  KEY `post_status` (`post_status`(4)),
  KEY `cat_url` (`cat_url`),
  KEY `publish_date` (`publish_date`),
  KEY `category` (`category`),
  KEY `created` (`created`),
  KEY `updated` (`updated`)
) ENGINE=MyISAM  DEFAULT CHARSET=utf8 AUTO_INCREMENT=84 ;

--
-- Dumping data for table `content`
--

INSERT INTO `content` (`id`, `title`, `meta_title`, `url`, `cat_url`, `keywords`, `description`, `prev_text`, `full_text`, `category`, `full_tpl`, `main_tpl`, `position`, `comments_status`, `comments_count`, `post_status`, `author`, `publish_date`, `created`, `updated`, `showed`, `lang`, `lang_alias`) VALUES
(35, 'Приветствуем на сайте ImageRobotics', 'ImageRobotics - Лидер в производстве роботов', 'privetstvuem_na_saite_imagerobitics', '', 'это, базовый, шаблон, imagecms, котором, релизованы, следующие, функции, вывод, фотогалереи, статической, статьи, блога', 'Мы разрабатываем и усовершенствуем такие виды роботов: человеко роботы, боевые роботы, космические роботы, кухонные роботы, рабочие роботы.Наши службы по ремонту , прокату и апгрейду роботов всегда рады приветствовать любого клиента.Мы систематически расш', '<p>Мы разрабатываем и усовершенствуем такие виды роботов: человеко роботы, боевые роботы, космические роботы, кухонные роботы, рабочие роботы.<br /><br />Наши службы по ремонту , прокату и апгрейду роботов всегда рады приветствовать любого клиента.<br /><br />Мы систематически расширяемся и захватываем все новые сегменты рынка, потому постоянно пополняем наши ряды новыми сотрудниками.<br /><br />Мы рады представлять вам все новые виды робототехники, которые Вы можете приобрести в кредит. Для этого \nнужен только мульти паспорт!<br /><br />Будем рады, если вы станете нашим постоянным клиентом и надеемся, наш сайт поможет в информировании о деятельности компании!</p>', '', 0, 'homepage', '', 0, 0, 0, 'publish', 'admin', 1267203253, 1267203328, 1291735384, 7, 3, 0),
(63, 'О компании', '', 'o_kompanii', '', 'компания, image, robotics, создана, высокой, цели, ndash, продавать, роботов, всегда, заботимся, качестве, нашей, продукции, безопасности, нашего, товара, существуем, рынке, начала, времен, потому, опыт, накопленный, время, дает, нам, право, считаться, лучшими', 'Компания Image Robotics создана для высокой цели – продавать роботов!  Мы всегда заботимся о качестве нашей продукции и безопасности нашего товара.  Мы существуем на рынке еще с начала времен. Потому опыт, накопленный за это время, дает нам право счи', '<p><strong>Компания Image Robotics создана для высокой цели &ndash; продавать роботов!</strong></p>\n<p><img style="float: right; margin-left: 10px;" src="/uploads/images/o-kompanii.jpg" alt="" width="210" height="158" /></p>\n<ul>\n<li>Мы всегда заботимся о качестве нашей продукции и&nbsp; безопасности нашего товара. </li>\n<li>Мы существуем на рынке еще с начала времен. Потому опыт, накопленный за это время, дает нам право считаться лучшими в своей сфере.</\nli>\n<li>Мы можем в любое время вернуть вам всю сумму, оплаченную за товар, если он еще не привык к Вам и Вашей семье!</li>\n<li>Мы заботимся не только о правах человека, но и о правах роботов, согласно галактического законодательства.</li>\n<li>Мы боремся с теми, кто выгоняет роботов на улицу и согласны на бесплатную утилизацию ввиду отсутствия интереса к таковому.</li>\n</ul>', '', 0, '', '', 0, 0, 0, 'publish', 'admin', 1291378533, 1291378992, 1291721377, 236, 3, 0),
(64, 'Человеко роботы', '', 'cheloveko_roboty', 'produktsiia/', 'вам, надоели, ваши, друзья, подруги, достало, ваше, окружение, закажите, человеко, робота, нас, получите, чего, хватало, надоедливых, людей, роботы, работают, законам, которые, укажите, схожи, людьми, тоже, время, обладают, механизмом, управления, подчинения', 'Вам надоели ваши друзья и подруги? Вас достало ваше окружение? Закажите человеко робота у нас, и вы получите все, чего вам не хватало от надоедливых людей! Человеко роботы работают по законам, которые укажите вы. Они схожи с людьми, но в тоже время облада', '<p><img style="float: left; margin-right: 10px; margin-top:2px" src="/uploads/images/cheloveko-roboty.jpg" alt="" width="190" height="143" />Вам надоели ваши друзья и подруги? Вас достало ваше окружение? Закажите человеко робота у нас, и вы получите все, чего вам не хватало от надоедливых людей!</p>\r\n<p>Человеко роботы работают&nbsp; по законам, которые укажите вы. Они схожи с людьми, но в тоже время обладают механизмом управления \nи подчинения вашим приказам.</p>\r\n<p>Наши новые человеко роботы обладают инновационными разговорными функциями. Они могут оказывать полноценную психологическую поддержку, вести беседу обо всем, быть хорошими советчиками и пунктами необходимых&nbsp; знаний!</p>\r\n<p>Любого человеко робота можно взять в кредит и вернуть, если он вас не устроит.</p>', '', 55, '', '', 0, 0, 0, 'publish', 'admin', 1291379033, 1291379069, 1291634370, 59, 3, 0),
(65, 'Боевые роботы', '', 'boevye_roboty', 'produktsiia/', 'если, нужна, настоящая, мощная, защита, ndash, боевые, роботы, нужно, наши, обладают, различными, комплектациями, вооружения, кроме, базового, оружия, возможна, установка, плазменной, ультрафиолетовой, лазерной, лептонной, пушки, важно, перед, покупкой, получить, форму, galaxy', 'Если вам нужна настоящая и мощная защита – боевые роботы это то, что вам нужно! Наши боевые роботы обладают различными комплектациями вооружения. Кроме базового оружия возможна установка плазменной, ультрафиолетовой, лазерной или лептонной пушки. ВАЖ', '<p><img style="float: left; margin-right: 10px; margin-top:2px" src="/uploads/images/boeviye-roboty.jpg" alt="" width="300" height="268" />Если вам нужна настоящая и мощная защита &ndash; боевые роботы это то, что вам нужно!</p>\r\n<p>Наши боевые роботы обладают различными комплектациями вооружения. Кроме базового оружия возможна установка плазменной, ультрафиолетовой, лазерной или лептонной пушки.</p>\r\n<p>ВАЖНО! Перед \nпокупкой Вам нужно получить форму GALAXY-837,&nbsp; для удостоверения психологической уравновешенности, не судимости и т.п. Приходите в наш отдел с данной формой и мульти паспортом, мы продадим вам боевого робота, который будет служить лучше, чем любая сторожевая собака или телохранитель высшего ранга.</p>', '', 55, '', '', 0, 0, 0, 'publish', 'admin', 1291379073, 1291379097, 1291634533, 21, 3, 0),
(66, 'Космические роботы', '', 'kosmicheskie_roboty', 'produktsiia/', 'image, robotics, выпускает, лучших, космических, роботов, нашей, галактике, дальность, полетов, составляет, более, световых, лет, скорость, полета, близка, скорости, света, космические, роботы, могут, перевозить, довольно, большие, объемы, грузов, удаленно, выполнять, различные', 'Image Robotics выпускает лучших космических роботов в нашей галактике. Их дальность полетов составляет более 10 световых лет, а скорость полета близка к скорости света. Космические роботы могут перевозить довольно большие объемы грузов, удаленно выполнять', '<p><img style="float: left; margin-right: 10px; margin-top:2px" src="/uploads/images/kosmicheskie-roboty.jpg" alt="" width="298" height="293" />Image Robotics выпускает лучших космических роботов в нашей галактике. Их дальность полетов составляет более 10 световых лет, а скорость полета близка к скорости света.</p>\r\n<p>Космические роботы могут перевозить довольно большие объемы грузов, удаленно выполнять \nразличные задания на ближних планетах.</p>\r\n<p>Если вы купите более трех роботов или приведете к нам двух своих друзей , которые станут клиентами, Ваш робот будет оборудован дополнительным сверхмощным телескопом!</p>\r\n<p>С нашей инновационной продукцией Вам подчинится космос!</p>', '', 55, '', '', 0, 0, 0, 'publish', 'admin', 1291379102, 1291379142, 1291634589, 21, 3, 0),
(67, 'Кухонные роботы', '', 'kuhonnye_roboty', 'produktsiia/', 'наши, кухонные, роботы, сделают, всю, грязную, работу, image, robotics, заставляет, людей, забыть, мытье, посуды, уборке, кухне, готовке, закажите, блюдо, робот, сам, найдет, ингредиенты, взвесит, измельчит, продолжит, крутиться, вашего, блага, кроме', 'Наши кухонные роботы сделают всю грязную работу за Вас! Image Robotics заставляет людей забыть о мытье посуды, уборке на кухне и даже готовке. Закажите блюдо. Робот сам найдет ингредиенты, взвесит, измельчит и продолжит крутиться на кухне для вашего блага', '<p><img style="float: left; margin-right: 10px; margin-top:5px" src="/uploads/images/kuhonniye-roboty.jpg" alt="" width="280" height="236" />Наши кухонные роботы сделают всю грязную работу за Вас! Image Robotics заставляет людей забыть о мытье посуды, уборке на кухне и даже готовке.</p>\r\n<p>Закажите блюдо. Робот сам найдет ингредиенты,&nbsp; взвесит, измельчит и продолжит крутиться на кухне для вашего блага.</p>\r\n<p>Наши роботы кроме \nстандартных функций обладают мощными программами&nbsp; обучения своему мастерству. То есть, ели вы любите готовить сами, робот станет учителем и партнером.</p>\r\n<p>Если вы знаете уникальный рецепт, научите робота этому! Любая модель легко воспринимает материал и учиться на лету.</p>', '', 55, '', '', 0, 0, 1, 'publish', 'admin', 1291379159, 1291379184, 1291634767, 29, 3, 0),
(68, 'Рабочие роботы', '', 'rabochie_roboty', 'produktsiia/', 'наши, рабочие, роботы, работают, лучше, любого, рабочего, просто, слова, нужно, вынести, мусор, перетащить, шкаф, позвольте, мужу, отдохнуть, сами, избавьте, себя, сложностей, купите, робота, который, возложит, всевозможные, функции, тяжкие, мучения, человечества', 'Наши рабочие роботы, работают лучше любого рабочего! И это не просто слова. Нужно вынести мусор? Перетащить шкаф? Позвольте мужу отдохнуть или сами избавьте себя от сложностей. Купите рабочего робота, который возложит на себя всевозможные функции и тяжкие', '<p><img style="float: left; margin-right: 10px; margin-top:5px" src="/uploads/images/rabochiye-roboty.jpg" alt="" width="200" height="160" />Наши рабочие роботы, работают лучше любого рабочего! И это не просто слова.</p>\r\n<p>Нужно вынести мусор? Перетащить шкаф? Позвольте мужу отдохнуть или сами избавьте себя от сложностей. Купите рабочего робота, который возложит на себя всевозможные функции и тяжкие мучения человечества.</p>\r\nn<p>Каждая наша продукция обладает исключительными характеристиками. Рабочие роботы не остались без внимания. Функция таджикский&nbsp; гастарбайтер поможет на автопилоте проводить строительные работы, тратя на это малое количество энергии. Таким образом, вы экономите огромное количество средств.</p>\r\n<p>С Image Robotics легко сделать жизнь проще!</p>', '', 55, '', '', 0, 0, 0, 'publish', 'admin', 1291379213, 1291379236, 1291634846, 15, 3, 0),
(69, 'Ремонт роботов', '', 'remont_robotov', 'usluhi/', 'даже, лучшие, роботы, иногда, выходят, строя, такое, случилось, гарантийный, срок, починим, робота, любого, класса, бесплатно, приобрели, нас, гарантии, вышел, предоставим, сервис, высшего, уровня, некоторое, маленькое, вознаграждение, диагностика, проблемы, ремонт, роботов', 'Даже лучшие роботы иногда выходят из строя. И если такое случилось в гарантийный срок, мы починим робота любого класса бесплатно! Если вы приобрели робота у нас, но срок гарантии вышел, мы предоставим сервис высшего уровня за некоторое маленькое вознаграж', '<p><img style="float:left;margin-right:10px;margin-top:5px" src="/uploads/images/remont-robotov.jpg" height="216" width="150">Даже лучшие роботы иногда выходят из строя.&nbsp; И если такое случилось в гарантийный срок, мы починим робота любого класса бесплатно!</p>\n<p>Если вы приобрели робота у нас, но срок гарантии вышел, мы предоставим сервис высшего уровня за некоторое маленькое вознаграждение.</p><p>\nn</p><p>Диагностика проблемы и ремонт роботов&nbsp; проходит под средством нано техники от&nbsp; Image Robotics. Ее нельзя приобрети на свободном рынке, такие возможности есть только у нас.</p>\n<p>Диагностика любой проблемы занимает несколько секунд, а ремонт составляет не более десяти минут с момента обнаружения проблемы. Если на складе есть ресурсы.</p>', '', 56, '', '', 0, 1, 1, 'publish', 'admin', 1291379278, 1291379309, 1363612852, 80, 3, 0),
(70, 'Апгрейд роботов', '', 'aphreid_robotov', 'usluhi/', 'нам, систематически, обращаются, постоянные, клиенты, просьбой, усовершенствовать, робота, помогаем, только, своим, работая, клиентами, других, компаний, латаем, дыры, которые, привели, неудобству, проблемам, наша, модернизация, помогает, всегда, быть, пике, науки, инновационных, технологий', 'К нам систематически обращаются постоянные клиенты с просьбой усовершенствовать их робота. Мы помогаем не только своим. Работая с клиентами других компаний, мы латаем дыры, которые привели к неудобству и проблемам. Наша модернизация помогает всегда быть н', '<p><img style="float: left; margin-right: 10px; margin-top:5px" src="/uploads/images/apgreyder-robotov.jpg" alt="" width="260" height="186" />К нам систематически обращаются постоянные клиенты с просьбой усовершенствовать их робота.</p>\r\n<p>Мы помогаем не только своим. Работая с клиентами других компаний, мы латаем дыры, которые привели к неудобству и проблемам. Наша модернизация помогает всегда быть на \nпике науки и инновационных технологий.</p>\r\n<p>Любой робот может быть усовершенствован, как программно , так и технически.</p>\r\n<p>Не бойтесь становиться лучше вместе со своим помощником! Сразу после апгрейда вы смело можете говорить, что стоите на вершине технологического прогресса и ликвидировали свое отставание! Это модно и продуктивно. И пусть остальные завидуют вашему роботу, у которого такой отличный собственник.</p>', '', 56, '', '', 0, 0, 0, 'publish', 'admin', 1291379312, 1291379338, 1291635033, 19, 3, 0),
(71, 'Прокат роботов', '', 'prokat_robotov', 'usluhi/', 'хорошая, робототехника, стоит, довольно, приличные, деньги, покупать, других, компаний, ndash, пылесос, вместо, настоящего, робота, хочется, потому, следует, воспользоваться, нашей, услугой, прокат, роботов, нас, возможен, любого, вида, зависимости, ваших, нынешних, потребностей', 'Хорошая робототехника стоит довольно приличные деньги. Покупать у других компаний – пылесос, вместо настоящего робота не хочется. И потому, следует воспользоваться нашей услугой Прокат роботов! У нас возможен прокат любого вида роботов в зависимости', '<p><img style="float: left; margin-right: 10px; margin-top:5px" src="/uploads/images/prokat-robotov.jpg" alt="" width="220" height="165" />Хорошая робототехника стоит довольно приличные деньги. Покупать у других компаний &ndash; пылесос, вместо настоящего робота не хочется. И потому, следует воспользоваться нашей услугой &laquo;Прокат роботов&raquo;!</p>\r\n<p>У нас возможен прокат любого вида роботов в зависимости от ваших \nнынешних потребностей.</p>\r\n<p>Если вас достали, вы хотите проучить обидчиков, возьмите у нас на прокат боевого робота&nbsp; и он легко всех накажет.</p>\r\n<p>Если вам лень выполнить временные работы по дому, возьмите в прокат нашего рабочего робота с инновационной функцией таджикский гастарбайтер.</p>\r\n<p>Если вы хотите временно оставить о себе хорошее впечатление перед мужчиной или женщиной, закажите в прокат кухонного робота. Он приготовит ужин, помоет посуду и почистит вашу кухню.</p>\r\n<p>Если вам не хватает рядом нормального человека, возьмите в прокат нашего человеко робота! Он составит достойную компанию.</p>\r\n<p>К сожалению, космических роботов в прокат мы не передаем, поскольку минимальный срок проката по соотношению равен цене. Рекомендуем Вам только покупать роботов данного типа!</p>', '', 56, '', '', 0, 0, 0, 'publish', 'admin', 1291379343, 1291379392, 1291635447, 16, 3, 0),
(72, 'Новое в мире боевых роботов', '', 'novoe_v_mire_boevyh_robotov', 'novosti/', 'наконец, закончили, усовершенствование, лептонной, пушки, создали, нее, новый, комплекс, бесперебойной, самонаводной, стрельбы, теперь, время, между, выстрелами, заметно, сократилось, разрушать, стало, проще, быстрее, также, разработали, новое, гравитонное, орудие, которым, вскоре, будет', 'Мы наконец закончили усовершенствование лептонной пушки и создали для нее новый комплекс бесперебойной самонаводной стрельбы. Теперь время между выстрелами заметно сократилось, разрушать стало проще и быстрее. Также мы разработали новое гравитонное орудие', '<p><img style="float: left; margin-right: 10px; margin-top:5px" src="/uploads/images/novoe-v-mire-boevih-robotov.jpg" alt="" width="200" height="133" />Мы наконец закончили усовершенствование&nbsp; лептонной пушки и создали для нее новый комплекс бесперебойной самонаводной стрельбы. Теперь время между выстрелами заметно сократилось, разрушать стало проще и быстрее.</p>\r\n<p>Также мы \nразработали новое гравитонное орудие, которым вскоре будет укомплектована новая партия боевых роботов.</p>\r\n<p>Если вы хотите модернизировать своего друга, напоминаем о функции &ndash; апгрейд роботов. Если вы приобретали робота у нас, то вы получите скидку 15% на усовершенствование.</p>\r\n<p>Следите за нашими новостями и Вы всегда будете в курсе самых последних событий в мире робототехники!</p>', '', 57, '', '', 0, 0, 0, 'publish', 'admin', 1291379411, 1291379439, 1291636399, 5, 3, 0),
(73, 'День робототехники в компании Image Robotics', '', 'den_robototehniki_v_kompanii_image_robotics', 'novosti/', 'через, несколько, недель, будет, один, самых, ожидаемых, дней, году, нашей, компании, хотим, поделиться, своей, радостью, ощущением, праздника, всеми, своими, покупателями, протяжении, часов, этого, удивительного, дня, предоставляем, любые, услуги, продаем, товары', 'Через несколько недель будет один из самых ожидаемых дней в году для нашей компании. И мы хотим поделиться своей радостью и ощущением праздника со всеми своими покупателями. На протяжении всех 24 часов этого удивительного дня мы предоставляем вам любые ус', '<p><img style="float: left; margin-right: 10px; margin-top:2px" src="/uploads/images/deny-robotehniki-v-imagerobotics.jpg" alt="" width="160" height="120" />Через несколько недель будет один из самых ожидаемых дней в году для нашей компании. И мы хотим поделиться своей радостью и ощущением праздника со всеми своими покупателями.</p>\n<p>На протяжении всех 24 часов этого \nудивительного дня мы предоставляем вам любые услуги и продаем любые товары со скидкой 10%! Удивлены? Но это так!</p>\n<p>Соберите ваши желания и мечты в кулак и ждите этого знаменательного события. Купите то, о чем давно мечтали, воспользуйтесь той услугой, которая вам так необходима! Зовите друзей, подруг и знакомых и получайте дополнительный купон на скидку годовую в 3% на все дополнительные услуги нашей компании*.</p>\n<p><em>*дополнительные услуги это все услуги предоставляемые компанией кроме непосредственной продажи робототехники.</em></p>', '', 57, '', '', 0, 0, 0, 'publish', 'admin', 1291379443, 1291379484, 1291636965, 18, 3, 0),
(74, 'Новые космические роботы станут летать быстрее, а «носить» больше!', '', 'novye_kosmicheskie_roboty_stanut_letat_bystree_a_nosit_bolshe', 'novosti/', 'рады, сообщить, удивительную, новость, благодаря, нашим, инновационным, разработкам, течение, месяца, рынке, появиться, обновленная, версия, космического, робота, обновленной, модели, будет, встроен, ускоренный, тип, двигателя, который, позволит, увеличить, скорость, очередной, шаг, скорости', 'Мы рады сообщить вам удивительную новость. Благодаря нашим инновационным разработкам в течение месяца на рынке появиться обновленная версия космического робота. В обновленной модели будет встроен ускоренный тип двигателя, который позволит увеличить скорос', '<p><img style="float: left; margin-right: 10px; margin-top:2px" src="/uploads/images/novie-kosmicheskie-roboty.jpg" alt="" width="175" height="142" />Мы рады сообщить вам удивительную новость. Благодаря нашим инновационным разработкам в течение месяца на рынке появиться обновленная версия космического робота.</\np>\n<p>В обновленной модели будет&nbsp; встроен ускоренный тип двигателя, который позволит увеличить скорость еще на 152 848 км/ч.&nbsp; Это очередной шаг к скорости света и рано или поздно мы с Вами этого добьемся.</p>\n<p>Обновление не закончилось на улучшении двигателя. Благодаря новым сплавам мы облегчили космического робота и усовершенствовали механизм грузоподъемности. Таким образом, наши роботы станут перемещать на 2 тонны больше грузов, чем прежние!</p>', '', 57, '', '', 0, 0, 0, 'publish', 'admin', 1291379494, 1291379513, 1303820817, 44, 3, 0),
(75, 'Главный ремонтник роботов', '', 'hlavnyi_remontnik_robotov', 'vakansii/', 'претендентов, эту, высокую, должность, просим, ознакомиться, нашими, требованиями, занятость, полная, образование, высшее, робототехническое, возраст, самом, расцвете, сил, зарплата, договоримся, должностные, обязанности, условия, ремонтировать, роботов, понедельника, пятницу, требования, знание, инновационной, робототехники', 'Всех претендентов на эту высокую должность просим ознакомиться с нашими требованиями.  Занятость: полная Образование: высшее робототехническое Возраст: в самом расцвете сил Зарплата: как договоримся  Должностные обязанности  Условия: ремонтировать роботов', '<p>Всех претендентов на эту высокую должность просим ознакомиться с нашими требованиями.</p>\r\n<ul>\r\n<li>Занятость:&nbsp; полная</li>\r\n<li>Образование: высшее робототехническое</li>\r\n<li>Возраст: в самом расцвете сил</li>\r\n<li>Зарплата:&nbsp; как договоримся</li>\r\n</ul>\r\n<p>Должностные обязанности</p>\r\n<ul>\r\n<li>Условия: ремонтировать \nроботов с понедельника по пятницу&nbsp; от 8 до 17. </li>\r\n<li>Требования: знание инновационной робототехники, знание всех моделей Image Robotics и их особенностей</li>\r\n<li>Обязанности: самостоятельно ремонтировать роботов, а также управлять другими ремонтными работами.</li>\r\n</ul>\r\n<p>Дополнительная информация</p>\r\n<ul>\r\n<li>Опыт работы от года, расторопность в диагностике и решении проблемы.</li>\r\n</ul>', '', 58, '', '', 0, 0, 0, 'publish', 'admin', 1291379557, 1291379629, 0, 2, 3, 0),
(76, 'Апгрейдер роботов', '', 'aphreider_robotov', 'vakansii/', 'связи, участившимися, заказами, апгрейд, роботов, вынуждены, расширить, штат, сотрудников, публикуя, данную, вакансию, гарантируем, максимально, плотную, занятость, высокую, зарплату, полная, образование, высшее, робототехническое, возраст, самом, расцвете, сил, зарплата, высокая, должностные, обязанности', 'В связи с участившимися заказами на апгрейд роботов, мы вынуждены расширить штат сотрудников. Публикуя данную вакансию, мы гарантируем максимально плотную занятость и высокую зарплату.  Занятость: полная Образование: высшее робототехническое Возраст: в са', '<p>В связи с участившимися заказами на апгрейд роботов, мы вынуждены расширить штат сотрудников. Публикуя данную вакансию, мы гарантируем максимально плотную занятость и высокую зарплату.</p>\r\n<ul>\r\n<li>Занятость:&nbsp; полная</li>\r\n<li>Образование: высшее робототехническое</li>\r\n<li>Возраст: в самом расцвете сил</li>\r\n<li>Зарплата:&nbsp; высокая</li>\r\n</ul>\r\nn<p>Должностные обязанности</p>\r\n<ul>\r\n<li>Условия: Работа в течение 10-16 часов в день</li>\r\n<li>Требования: знания технологий укомплектования современной робототехники, знание программ для обновления программного обеспечения роботов Image Robotics.</li>\r\n</ul>\r\n<p>Обязанности</p>\r\n<ul>\r\n<li>Проводить установку новых технических и программных элементов.</li>\r\n</ul>', '', 58, '', '', 0, 0, 0, 'publish', 'admin', 1291379639, 1291379680, 0, 2, 3, 0),
(77, 'Менеджер роботов', '', 'menedzher_robotov', 'vakansii/', 'нашей, компании, нужен, человек, который, способен, управлять, роботами, роботизированной, техникой, занятость, совместительству, образование, высшее, робототехническое, возраст, самом, расцвете, сил, зарплата, выработки, должностные, обязанности, условия, возможность, работать, выходным, требования, знание, технологий', 'Нашей компании нужен человек, который способен управлять роботами и роботизированной техникой.  Занятость: по совместительству Образование: высшее робототехническое Возраст: в самом расцвете сил Зарплата: от выработки  Должностные обязанности:  Условия: В', '<p>Нашей компании нужен человек, который способен управлять роботами и роботизированной техникой.</p>\r\n<ul>\r\n<li>Занятость: по совместительству</li>\r\n<li>Образование: высшее робототехническое</li>\r\n<li>Возраст: в самом расцвете сил</li>\r\n<li>Зарплата:&nbsp; от выработки</li>\r\n</ul>\r\n<p>Должностные обязанности:</p>\r\n<ul>\r\n<li>Условия: Возможность работать \nпо выходным</li>\r\n<li>Требования: знание технологий руководства роботизированным процессом, знание программ &laquo;Эффективное управление роботами от Image Robotics&raquo;.</li>\r\n</ul>\r\n<p>Обязанности</p>\r\n<ul>\r\n<li>организовывать управления группами роботизированных систем покупателя, настройка слаженной работы роботов оптовых покупателей.</li>\r\n</ul>\r\n<p>Дополнительная информация:</p>\r\n<ul>\r\n<li>Опыт работы менеджером в любой сфере деятельности приветствуется.</li>\r\n</ul>', '', 58, '', '', 0, 0, 0, 'publish', 'admin', 1291379686, 1291379740, 0, 3, 3, 0),
(78, 'В каждый дом по 4 робота!', '', 'v_kazhdyi_dom_po_4_robota', 'bloh/cheloveko_roboty/', 'развитием, роботостроения, больше, людей, приобретают, себе, несколько, типов, роботов, семью, обусловлено, тем, роботы, становятся, доступнее, старые, модели, сейчас, может, позволить, гражданин, имеющий, минимальную, заработную, плату, рады, наша, компания, вносит, свой', 'С развитием роботостроения все больше людей приобретают себе по несколько типов роботов на семью. Это обусловлено тем, что роботы становятся доступнее. Старые модели сейчас может позволить себе даже гражданин, имеющий минимальную заработную плату. Мы рады', '<p><img style="float: left; margin-right: 10px; margin-top:5px" src="/uploads/images/v-kazhdiy-dom-po-chetire-robota.jpg" alt="" width="195" height="133" />С развитием роботостроения все больше людей приобретают себе по несколько типов роботов на семью. Это обусловлено тем, что роботы становятся доступнее. Старые модели сейчас может позволить себе даже гражданин, имеющий минимальную \nзаработную плату.</p>\n<p>Мы рады, что наша компания вносит свой огромный&nbsp; вклад в обесценивание старых моделей, пополняя рынок лучшими инновационными решениями.</p>\n<p>Наша статистика показывает, что с предыдущим годом количество семей, купивших более трех роботов выросло на 37%. И это отличный результат для всего мира!</p>', '', 61, '', '', 0, 1, 0, 'publish', 'admin', 1291379768, 1291379793, 1291731038, 37, 3, 0),
(79, 'Ускоренные системы диагностики и ремонта роботов', '', '18uskorennye_sistemy_diahnostiki_i_remonta_robotov', 'bloh/kuhonnye_roboty/', 'компания, image, robotics, совместно, imaxi, life, разработали, концептуально, новые, системы, диагностики, проблем, робототехнике, устранению, основой, решения, которому, теперь, прибегает, сообщество, имеющее, отношение, ремонту, диагностике, стал, инновационный, наносборщик, помог, разработать, наносистемы', 'Компания Image Robotics совместно с IMAXI T-Life разработали концептуально новые системы диагностики проблем в робототехнике и их устранению. Основой решения, к которому теперь прибегает все сообщество, имеющее отношение к ремонту и диагностике проблем в', '<p><img style="float: left; margin-right: 10px; margin-top:5px" src="/uploads/images/uskorenniye-sistemy-diagnostiki-robotov.jpg" alt="" width="270" height="175" />Компания Image Robotics совместно с IMAXI T-Life разработали концептуально новые системы диагностики проблем в робототехнике и их устранению.</p>\nn<p>Основой решения, к которому теперь прибегает все сообщество, имеющее отношение к ремонту и диагностике проблем в робототехнике, стал инновационный наносборщик. Наносборщик помог разработать наносистемы,&nbsp; которые участвуют во всех вышеупомянутых работах.</p>\n<p>Наши&nbsp; наносистемы , почти моментально, находят любую проблему или неполадку в робототехнике и также участвуют в микро-ремонте систем. Микро-ремонт проходит за несколько минут в отличие от раннего порога в несколько часов. Технология уже доступна на рынке и продается большим корпорациям отрасли.</p>', '', 60, '', '', 0, 1, 0, 'publish', 'admin', 1291379797, 1291379825, 1291730993, 15, 3, 0),
(80, 'Кухонная энциклопедия, интегрированная в робота', '', 'kuhonnaia_entsiklopediia_intehrirovannaia_v_robota', 'bloh/kuhonnye_roboty/', 'первые, кухонные, роботы, обладали, возможностью, готовить, только, простые, блюда, дополненные, покупателем, теперь, имеют, памяти, рецепты, которые, были, вынесены, публику, многие, противоречат, этой, новинке, говоря, робот, приготовит, человек, берет, точности, фантазирует', 'Первые кухонные роботы обладали возможностью готовить только простые блюда или блюда дополненные покупателем. Но теперь все кухонные роботы имеют в памяти все рецепты, которые были вынесены на публику. Многие противоречат этой новинке, говоря, что робот н', '<p><img style="float: left; margin-right: 10px; margin-top:5px" src="/uploads/images/kuhonnaya-enziklopediya-integr-v-robota.jpg" alt="" width="240" height="177" />Первые кухонные роботы обладали возможностью готовить только простые блюда или блюда дополненные покупателем. Но теперь все кухонные роботы имеют в памяти все рецепты, которые \nбыли вынесены на публику.</p>\n<p>Многие противоречат этой новинке, говоря, что робот не приготовит, так как человек. Он берет все в точности, не фантазирует и не добавляет ингредиенты по вкусу.&nbsp; Но мы утверждаем, что такой прогресс необходим.</p>\n<p>Создавая инновационных кухонных роботов, мы не удаляем человека из процесса готовки, а предоставляем ему помощника!</p>', '', 60, '', '', 0, 1, 3, 'publish', 'admin', 1291379842, 1291379866, 1291730975, 269, 3, 0),
(83, 'homepage', '', 'homepage', '', 'страница, стадии, разработки', 'Страница на стадии разработки. Страница на стадии разработки.', '<p>Страница на стадии разработки.</p>', '<p><span>Страница на стадии разработки.</span></p>', 0, 'homepage', '', 0, 0, 0, 'publish', 'admin', 1388067839, 1388067839, 0, 0, 3, 0);

-- --------------------------------------------------------

--
-- Table structure for table `content_fields`
--

DROP TABLE IF EXISTS `content_fields`;
CREATE TABLE IF NOT EXISTS `content_fields` (
  `field_name` varchar(255) NOT NULL,
  `type` varchar(255) NOT NULL,
  `label` varchar(255) NOT NULL,
  `data` text NOT NULL,
  `weight` int(11) NOT NULL,
  `in_search` tinyint(1) DEFAULT '0',
  PRIMARY KEY (`field_name`),
  UNIQUE KEY `field_name` (`field_name`),
  KEY `type` (`type`),
  KEY `in_search` (`in_search`)
) ENGINE=MyISAM DEFAULT CHARSET=utf8;

--
-- Dumping data for table `content_fields`
--

INSERT INTO `content_fields` (`field_name`, `type`, `label`, `data`, `weight`, `in_search`) VALUES
('field_image', 'text', 'Рисунок', 'a:7:{s:5:"label";s:14:"Рисунок";s:7:"initial";s:1:" ";s:9:"help_text";s:0:"";s:4:"type";s:4:"text";s:20:"enable_image_browser";s:1:"1";s:10:"validation";s:0:"";s:6:"groups";a:1:{i:0;s:1:"7";}}', 1, 0);

-- --------------------------------------------------------

--
-- Table structure for table `content_fields_data`
--

DROP TABLE IF EXISTS `content_fields_data`;
CREATE TABLE IF NOT EXISTS `content_fields_data` (
  `id` int(11) NOT NULL AUTO_INCREMENT,
  `item_id` int(11) NOT NULL,
  `item_type` varchar(15) NOT NULL,
  `field_name` varchar(255) NOT NULL,
  `data` text NOT NULL,
  PRIMARY KEY (`id`),
  KEY `item_id` (`item_id`),
  KEY `item_type` (`item_type`),
  KEY `field_name` (`field_name`)
) ENGINE=MyISAM  DEFAULT CHARSET=utf8 AUTO_INCREMENT=21 ;

--
-- Dumping data for table `content_fields_data`
--

INSERT INTO `content_fields_data` (`id`, `item_id`, `item_type`, `field_name`, `data`) VALUES
(1, 64, 'page', 'field_image', '/uploads/images/small/cheloveko-roboty.jpg'),
(2, 65, 'page', 'field_image', '/uploads/images/small/boeviye-roboty.jpg'),
(3, 66, 'page', 'field_image', '/uploads/images/small/kosmicheskie-roboty.jpg'),
(4, 67, 'page', 'field_image', '/uploads/images/small/kuhonniye-roboty.jpg'),
(5, 68, 'page', 'field_image', '/uploads/images/small/rabochiye-roboty.jpg'),
(6, 69, 'page', 'field_image', '/uploads/images/small/remont-robotov.jpg'),
(7, 70, 'page', 'field_image', '/uploads/images/small/apgreyder-robotov.jpg'),
(8, 71, 'page', 'field_image', '/uploads/images/small/prokat-robotov.jpg'),
(9, 60, 'category', 'field_image', ''),
(10, 59, 'category', 'field_image', '');

-- --------------------------------------------------------

--
-- Table structure for table `content_fields_groups_relations`
--

DROP TABLE IF EXISTS `content_fields_groups_relations`;
CREATE TABLE IF NOT EXISTS `content_fields_groups_relations` (
  `field_name` varchar(64) NOT NULL,
  `group_id` int(3) NOT NULL
) ENGINE=InnoDB DEFAULT CHARSET=latin1;

--
-- Dumping data for table `content_fields_groups_relations`
--

INSERT INTO `content_fields_groups_relations` (`field_name`, `group_id`) VALUES
('field_doc', 9),
('field_image', 7);

-- --------------------------------------------------------

--
-- Table structure for table `content_field_groups`
--

DROP TABLE IF EXISTS `content_field_groups`;
CREATE TABLE IF NOT EXISTS `content_field_groups` (
  `id` int(11) NOT NULL AUTO_INCREMENT,
  `name` varchar(255) NOT NULL,
  `description` text,
  PRIMARY KEY (`id`),
  KEY `name` (`name`)
) ENGINE=MyISAM  DEFAULT CHARSET=utf8 AUTO_INCREMENT=11 ;

--
-- Dumping data for table `content_field_groups`
--

INSERT INTO `content_field_groups` (`id`, `name`, `description`) VALUES
(7, 'main', '');

-- --------------------------------------------------------

--
-- Table structure for table `content_permissions`
--

DROP TABLE IF EXISTS `content_permissions`;
CREATE TABLE IF NOT EXISTS `content_permissions` (
  `id` bigint(11) NOT NULL AUTO_INCREMENT,
  `page_id` bigint(11) NOT NULL,
  `data` text NOT NULL,
  PRIMARY KEY (`id`),
  KEY `page_id` (`page_id`)
) ENGINE=MyISAM  DEFAULT CHARSET=utf8 AUTO_INCREMENT=2 ;

--
-- Dumping data for table `content_permissions`
--

INSERT INTO `content_permissions` (`id`, `page_id`, `data`) VALUES
(1, 63, 'a:1:{i:0;a:1:{s:7:"role_id";s:1:"0";}}');

-- --------------------------------------------------------

--
-- Table structure for table `content_tags`
--

DROP TABLE IF EXISTS `content_tags`;
CREATE TABLE IF NOT EXISTS `content_tags` (
  `id` int(11) NOT NULL AUTO_INCREMENT,
  `page_id` int(11) NOT NULL,
  `tag_id` int(11) NOT NULL,
  PRIMARY KEY (`id`),
  KEY `page_id` (`page_id`),
  KEY `tag_id` (`tag_id`)
) ENGINE=MyISAM  DEFAULT CHARSET=utf8 AUTO_INCREMENT=127 ;

--
-- Dumping data for table `content_tags`
--

INSERT INTO `content_tags` (`id`, `page_id`, `tag_id`) VALUES
(119, 80, 25),
(120, 80, 26),
(121, 80, 27),
(122, 79, 25),
(123, 79, 28),
(124, 79, 27),
(125, 78, 25),
(126, 78, 29);

-- --------------------------------------------------------

--
-- Table structure for table `custom_fields`
--

DROP TABLE IF EXISTS `custom_fields`;
CREATE TABLE IF NOT EXISTS `custom_fields` (
  `id` int(11) NOT NULL AUTO_INCREMENT,
  `field_type_id` int(11) NOT NULL,
  `field_name` varchar(64) NOT NULL,
  `is_required` tinyint(1) NOT NULL DEFAULT '1',
  `is_active` tinyint(1) NOT NULL DEFAULT '1',
  `is_private` tinyint(1) NOT NULL DEFAULT '0',
  `validators` varchar(255) DEFAULT NULL,
  `entity` varchar(32) DEFAULT NULL,
  `options` varchar(65) DEFAULT NULL,
  `classes` text,
  `position` tinyint(4) DEFAULT NULL,
  PRIMARY KEY (`id`)
) ENGINE=MyISAM  DEFAULT CHARSET=utf8 AUTO_INCREMENT=96 ;

-- --------------------------------------------------------

--
-- Table structure for table `custom_fields_data`
--

DROP TABLE IF EXISTS `custom_fields_data`;
CREATE TABLE IF NOT EXISTS `custom_fields_data` (
  `id` int(11) NOT NULL AUTO_INCREMENT,
  `field_id` int(11) NOT NULL,
  `entity_id` int(11) NOT NULL,
  `field_data` text,
  `locale` varchar(4) NOT NULL,
  PRIMARY KEY (`id`)
) ENGINE=MyISAM  DEFAULT CHARSET=utf8 AUTO_INCREMENT=514 ;

-- --------------------------------------------------------

--
-- Table structure for table `custom_fields_i18n`
--

DROP TABLE IF EXISTS `custom_fields_i18n`;
CREATE TABLE IF NOT EXISTS `custom_fields_i18n` (
  `id` int(11) NOT NULL,
  `locale` varchar(4) NOT NULL,
  `field_label` varchar(255) DEFAULT NULL,
  `field_description` text,
  `possible_values` text,
  PRIMARY KEY (`id`,`locale`)
) ENGINE=MyISAM DEFAULT CHARSET=utf8;

-- --------------------------------------------------------

--
-- Table structure for table `gallery_albums`
--

DROP TABLE IF EXISTS `gallery_albums`;
CREATE TABLE IF NOT EXISTS `gallery_albums` (
  `id` int(11) NOT NULL AUTO_INCREMENT,
  `category_id` int(11) DEFAULT NULL,
  `name` varchar(250) DEFAULT NULL,
  `description` varchar(500) DEFAULT NULL,
  `cover_id` int(11) DEFAULT '0',
  `position` int(9) DEFAULT '0',
  `created` int(11) DEFAULT NULL,
  `updated` int(11) DEFAULT NULL,
  `tpl_file` varchar(50) NOT NULL DEFAULT '',
  PRIMARY KEY (`id`),
  KEY `category_id` (`category_id`),
  KEY `created` (`created`)
) ENGINE=MyISAM  DEFAULT CHARSET=utf8 AUTO_INCREMENT=5 ;

--
-- Dumping data for table `gallery_albums`
--

INSERT INTO `gallery_albums` (`id`, `category_id`, `name`, `description`, `cover_id`, `position`, `created`, `updated`, `tpl_file`) VALUES
(2, 5, 'Космические роботы', '<p>Image Robotics выпускает лучших космических роботов в нашей галактике.  Их дальность полетов составляет более 10 световых лет, а скорость полета  близка к скорости света.</p>', 0, 0, 1291645421, 1291655903, ''),
(3, 5, 'Человеко роботы', '', 0, 0, 1291645434, 1291656661, ''),
(4, 5, 'Боевые роботы', '', 0, 0, 1291645444, 1291656595, '');

-- --------------------------------------------------------

--
-- Table structure for table `gallery_albums_i18n`
--

DROP TABLE IF EXISTS `gallery_albums_i18n`;
CREATE TABLE IF NOT EXISTS `gallery_albums_i18n` (
  `id` int(11) NOT NULL,
  `locale` varchar(5) NOT NULL,
  `description` text NOT NULL,
  `name` varchar(255) NOT NULL,
  PRIMARY KEY (`id`,`locale`)
) ENGINE=MyISAM DEFAULT CHARSET=utf8;

--
-- Dumping data for table `gallery_albums_i18n`
--

INSERT INTO `gallery_albums_i18n` (`id`, `locale`, `description`, `name`) VALUES
(2, 'ru', '<p>Image Robotics выпускает лучших космических роботов в нашей галактике.  Их дальность полетов составляет более 10 световых лет, а скорость полета  близка к скорости света.</p>', 'Космические роботы'),
(3, 'ru', '', 'Человеко роботы'),
(4, 'ru', '', 'Боевые роботы');

-- --------------------------------------------------------

--
-- Table structure for table `gallery_category`
--

DROP TABLE IF EXISTS `gallery_category`;
CREATE TABLE IF NOT EXISTS `gallery_category` (
  `id` int(11) NOT NULL AUTO_INCREMENT,
  `name` varchar(250) DEFAULT NULL,
  `description` varchar(500) DEFAULT NULL,
  `cover_id` int(11) DEFAULT '0',
  `position` int(9) DEFAULT '0',
  `created` int(11) DEFAULT NULL,
  PRIMARY KEY (`id`),
  KEY `created` (`created`),
  KEY `position` (`position`)
) ENGINE=MyISAM  DEFAULT CHARSET=utf8 AUTO_INCREMENT=6 ;

--
-- Dumping data for table `gallery_category`
--

INSERT INTO `gallery_category` (`id`, `name`, `description`, `cover_id`, `position`, `created`) VALUES
(5, 'Галерея', '', 0, 0, 1291645412);

-- --------------------------------------------------------

--
-- Table structure for table `gallery_category_i18n`
--

DROP TABLE IF EXISTS `gallery_category_i18n`;
CREATE TABLE IF NOT EXISTS `gallery_category_i18n` (
  `id` int(11) NOT NULL,
  `locale` varchar(5) NOT NULL,
  `description` text,
  `name` varchar(255) DEFAULT NULL,
  PRIMARY KEY (`id`,`locale`)
) ENGINE=MyISAM DEFAULT CHARSET=utf8;

--
-- Dumping data for table `gallery_category_i18n`
--

INSERT INTO `gallery_category_i18n` (`id`, `locale`, `description`, `name`) VALUES
(5, 'ru', '', 'Галерея');

-- --------------------------------------------------------

--
-- Table structure for table `gallery_images`
--

DROP TABLE IF EXISTS `gallery_images`;
CREATE TABLE IF NOT EXISTS `gallery_images` (
  `id` int(11) NOT NULL AUTO_INCREMENT,
  `album_id` int(11) DEFAULT NULL,
  `file_name` varchar(150) DEFAULT NULL,
  `file_ext` varchar(8) DEFAULT NULL,
  `file_size` varchar(20) DEFAULT NULL,
  `position` int(9) DEFAULT NULL,
  `width` int(6) DEFAULT NULL,
  `height` int(6) DEFAULT NULL,
  `description` varchar(500) DEFAULT NULL,
  `uploaded` int(11) DEFAULT NULL,
  `views` int(11) DEFAULT NULL,
  PRIMARY KEY (`id`),
  KEY `album_id` (`album_id`),
  KEY `position` (`position`)
) ENGINE=MyISAM  DEFAULT CHARSET=utf8 AUTO_INCREMENT=93 ;

--
-- Dumping data for table `gallery_images`
--

INSERT INTO `gallery_images` (`id`, `album_id`, `file_name`, `file_ext`, `file_size`, `position`, `width`, `height`, `description`, `uploaded`, `views`) VALUES
(86, 4, 'kuhonnaya-enziklopediya-integr-v-robota', '.jpg', '26.7 Кб', 43, 450, 332, NULL, 1291656595, 0),
(85, 4, 'kosmicheskie-roboty', '.jpg', '20.6 Кб', 42, 298, 293, NULL, 1291656592, 0),
(84, 4, 'glavniy-remontnik-robotov', '.jpg', '32.3 Кб', 41, 310, 400, NULL, 1291656587, 0),
(83, 4, 'deny-robotehniki-v-imagerobotics', '.jpg', '36.1 Кб', 40, 500, 375, NULL, 1291656584, 5),
(82, 4, 'cheloveko-roboty', '.jpg', '69.5 Кб', 39, 800, 600, NULL, 1291656581, 4),
(81, 4, 'boeviye-roboty', '.jpg', '39.2 Кб', 38, 500, 446, NULL, 1291656576, 3),
(89, 3, 'novie-kosmicheskie-roboty', '.jpg', '17.5 Кб', 46, 400, 324, NULL, 1291656648, 2),
(88, 3, 'menedger-robotov', '.jpg', '31.0 Кб', 45, 553, 301, NULL, 1291656645, 4),
(75, 2, 'remont-robotov', '.jpg', '43.9 Кб', 33, 400, 576, NULL, 1291655890, 3),
(76, 2, 'upgrade-robotov', '.jpg', '40.8 Кб', 34, 468, 348, NULL, 1291655894, 2),
(77, 2, 'uskorenniye-sistemy-diagnostiki-robotov', '.jpg', '82.9 Кб', 35, 800, 519, NULL, 1291655898, 1),
(78, 2, 'v-kazhdiy-dom-po-chetire-robota', '.jpg', '41.1 Кб', 36, 800, 547, NULL, 1291655902, 2),
(92, 3, 'prokat-robotov', '.jpg', '58.0 Кб', 49, 500, 375, NULL, 1291656661, 0),
(91, 3, 'o-kompanii', '.jpg', '47.4 Кб', 48, 495, 372, NULL, 1291656658, 0),
(90, 3, 'novoe-v-mire-boevih-robotov', '.jpg', '82.0 Кб', 47, 750, 500, NULL, 1291656653, 5),
(80, 4, 'apgreyder-robotov', '.jpg', '95.5 Кб', 37, 800, 573, NULL, 1291656573, 9),
(87, 3, 'kuhonniye-roboty', '.jpg', '29.1 Кб', 44, 450, 380, NULL, 1291656641, 18),
(74, 2, 'rabochiye-roboty', '.jpg', '34.9 Кб', 32, 500, 400, NULL, 1291655886, 4);

-- --------------------------------------------------------

--
-- Table structure for table `gallery_images_i18n`
--

DROP TABLE IF EXISTS `gallery_images_i18n`;
CREATE TABLE IF NOT EXISTS `gallery_images_i18n` (
  `id` int(11) NOT NULL,
  `locale` varchar(5) NOT NULL,
  `title` varchar(255) DEFAULT NULL,
  `description` text,
  PRIMARY KEY (`id`,`locale`)
) ENGINE=InnoDB DEFAULT CHARSET=utf8;

-- --------------------------------------------------------

--
-- Table structure for table `languages`
--

DROP TABLE IF EXISTS `languages`;
CREATE TABLE IF NOT EXISTS `languages` (
  `id` int(11) NOT NULL AUTO_INCREMENT,
  `lang_name` varchar(100) NOT NULL,
  `identif` varchar(10) NOT NULL,
  `image` text NOT NULL,
  `folder` varchar(100) NOT NULL,
  `template` varchar(100) NOT NULL,
  `default` int(1) NOT NULL,
  `locale` varchar(100) NOT NULL,
  PRIMARY KEY (`id`),
  KEY `identif` (`identif`),
  KEY `default` (`default`)
) ENGINE=MyISAM  DEFAULT CHARSET=utf8 AUTO_INCREMENT=31 ;

--
-- Dumping data for table `languages`
--

INSERT INTO `languages` (`id`, `lang_name`, `identif`, `image`, `folder`, `template`, `default`, `locale`) VALUES
(3, 'Русский', 'ru', '', 'russian', 'commerce', 1, 'ru_RU'),
(4, 'Английский', 'en', '', 'english', 'commerce', 0, 'en_US'),
(5, 'Украинский', 'ua', '', 'ukrainian', 'commerce', 0, 'uk_UA');

-- --------------------------------------------------------

--
-- Table structure for table `login_attempts`
--

DROP TABLE IF EXISTS `login_attempts`;
CREATE TABLE IF NOT EXISTS `login_attempts` (
  `id` int(11) NOT NULL AUTO_INCREMENT,
  `ip_address` varchar(40) NOT NULL,
  `time` timestamp NOT NULL DEFAULT CURRENT_TIMESTAMP ON UPDATE CURRENT_TIMESTAMP,
  PRIMARY KEY (`id`),
  KEY `ip_address` (`ip_address`),
  KEY `time` (`time`)
) ENGINE=MyISAM  DEFAULT CHARSET=utf8 ROW_FORMAT=DYNAMIC AUTO_INCREMENT=44 ;

-- --------------------------------------------------------

--
-- Table structure for table `logs`
--

DROP TABLE IF EXISTS `logs`;
CREATE TABLE IF NOT EXISTS `logs` (
  `id` int(11) NOT NULL AUTO_INCREMENT,
  `user_id` int(11) NOT NULL,
  `username` varchar(255) NOT NULL,
  `message` text NOT NULL,
  `date` int(11) NOT NULL,
  PRIMARY KEY (`id`),
  KEY `date` (`date`)
) ENGINE=MyISAM  DEFAULT CHARSET=utf8 AUTO_INCREMENT=124 ;

-- --------------------------------------------------------

--
-- Table structure for table `mail`
--

DROP TABLE IF EXISTS `mail`;
CREATE TABLE IF NOT EXISTS `mail` (
  `id` int(11) NOT NULL AUTO_INCREMENT,
  `email` varchar(255) DEFAULT NULL,
  `date` int(15) DEFAULT NULL,
  PRIMARY KEY (`id`)
) ENGINE=MyISAM DEFAULT CHARSET=utf8 AUTO_INCREMENT=1 ;

-- --------------------------------------------------------

--
-- Table structure for table `menus`
--

DROP TABLE IF EXISTS `menus`;
CREATE TABLE IF NOT EXISTS `menus` (
  `id` int(11) NOT NULL AUTO_INCREMENT,
  `name` varchar(250) NOT NULL,
  `main_title` varchar(300) NOT NULL,
  `tpl` varchar(255) DEFAULT NULL,
  `expand_level` int(255) DEFAULT NULL,
  `description` text,
  `created` varchar(50) NOT NULL,
  PRIMARY KEY (`id`),
  KEY `name` (`name`)
) ENGINE=MyISAM  DEFAULT CHARSET=utf8 AUTO_INCREMENT=6 ;

--
-- Dumping data for table `menus`
--

INSERT INTO `menus` (`id`, `name`, `main_title`, `tpl`, `expand_level`, `description`, `created`) VALUES
(1, 'main_menu', 'Главное меню', 'main_menu', 1, '', '2012-11-12 21:57:53'),
(4, 'bottom_menu', 'Нижнее меню', '', 0, '', '2010-12-07 13:56:59'),
(5, 'top_menu', 'Верхнее меню', '', 0, '', '2013-12-26 16:03:58');

-- --------------------------------------------------------

--
-- Table structure for table `menus_data`
--

DROP TABLE IF EXISTS `menus_data`;
CREATE TABLE IF NOT EXISTS `menus_data` (
  `id` int(11) NOT NULL AUTO_INCREMENT,
  `menu_id` int(9) NOT NULL,
  `item_id` int(9) NOT NULL,
  `item_type` varchar(15) NOT NULL,
  `item_image` varchar(255) NOT NULL,
  `roles` text,
  `hidden` smallint(1) NOT NULL DEFAULT '0',
  `title` varchar(300) NOT NULL,
  `parent_id` int(9) NOT NULL,
  `position` smallint(5) DEFAULT NULL,
  `description` text,
  `add_data` text,
  PRIMARY KEY (`id`),
  KEY `menu_id` (`menu_id`),
  KEY `position` (`position`)
) ENGINE=MyISAM  DEFAULT CHARSET=utf8 AUTO_INCREMENT=33 ;

--
-- Dumping data for table `menus_data`
--

INSERT INTO `menus_data` (`id`, `menu_id`, `item_id`, `item_type`, `item_image`, `roles`, `hidden`, `title`, `parent_id`, `position`, `description`, `add_data`) VALUES
(1, 1, 0, 'url', '', '', 0, 'Главная', 0, 1, NULL, 'a:2:{s:3:"url";s:1:"/";s:7:"newpage";N;}'),
(2, 1, 59, 'category', '', '', 0, 'Блог', 0, 8, NULL, 'a:1:{s:7:"newpage";s:1:"0";}'),
(4, 1, 0, 'module', '', '', 0, 'Галерея', 0, 5, NULL, 'a:2:{s:8:"mod_name";s:7:"gallery";s:6:"method";s:0:"";}'),
(8, 1, 63, 'page', '', '', 0, 'О компании', 0, 2, NULL, NULL),
(9, 1, 55, 'category', '', '', 0, 'Продукция', 0, 3, NULL, 'a:1:{s:7:"newpage";s:1:"0";}'),
(10, 1, 56, 'category', '', '', 0, 'Услуги', 0, 4, NULL, NULL),
(11, 1, 57, 'category', '', '', 0, 'Новости', 0, 6, NULL, NULL),
(12, 1, 58, 'category', '', '', 0, 'Вакансии', 0, 7, NULL, NULL),
(14, 1, 69, 'page', '', '', 0, 'Ремонт роботов', 10, 1, NULL, NULL),
(15, 1, 70, 'page', '', '', 0, 'Апгрейд роботов', 10, 3, NULL, NULL),
(16, 1, 71, 'page', '', '', 0, 'Прокат роботов', 10, 4, NULL, 'a:1:{s:7:"newpage";s:1:"0";}'),
(17, 1, 64, 'page', '', '', 0, 'Человеко роботы', 9, 1, NULL, 'a:1:{s:7:"newpage";s:1:"0";}'),
(18, 1, 65, 'page', '', '', 0, 'Боевые роботы', 9, 2, NULL, 'a:1:{s:7:"newpage";s:1:"0";}'),
(19, 1, 66, 'page', '', '', 0, 'Космические роботы', 9, 3, NULL, NULL),
(20, 1, 67, 'page', '', '', 0, 'Кухонные роботы', 9, 4, NULL, 'a:1:{s:7:"newpage";s:1:"0";}'),
(21, 1, 68, 'page', '', '', 0, 'Рабочие роботы', 9, 5, NULL, NULL),
(26, 4, 0, 'module', '', '', 0, 'Обратная связь', 0, 5, NULL, 'a:2:{s:8:"mod_name";s:8:"feedback";s:6:"method";s:0:"";}'),
(27, 4, 57, 'category', '', '', 0, 'Новости', 0, 2, NULL, NULL),
(28, 4, 58, 'category', '', '', 0, 'Вакансии', 0, 3, NULL, NULL),
(29, 4, 59, 'category', '', '', 0, 'Блог', 0, 4, NULL, NULL),
(30, 5, 57, 'category', '', '', 0, 'Новости', 0, 3, NULL, 'N;'),
(31, 5, 59, 'category', '', '', 0, 'Блог', 0, 2, NULL, 'a:1:{s:7:"newpage";i:0;}'),
(32, 5, 63, 'page', '', '', 0, 'О компании', 0, 1, NULL, 'a:1:{s:7:"newpage";i:0;}');

-- --------------------------------------------------------

--
-- Table structure for table `menu_translate`
--

DROP TABLE IF EXISTS `menu_translate`;
CREATE TABLE IF NOT EXISTS `menu_translate` (
  `id` int(11) NOT NULL AUTO_INCREMENT,
  `item_id` int(11) NOT NULL,
  `lang_id` int(11) NOT NULL,
  `title` varchar(250) NOT NULL,
  PRIMARY KEY (`id`),
  KEY `item_id` (`item_id`),
  KEY `lang_id` (`lang_id`)
) ENGINE=MyISAM DEFAULT CHARSET=utf8 AUTO_INCREMENT=1 ;

INSERT INTO `menu_translate` (`item_id`, `lang_id`, `title`) VALUES
(1, 3, 'Главная'),
(2, 3, 'Блог'),
(4, 3, 'Галерея'),
(8, 3, 'О компании'),
(9, 3, 'Продукция'),
(10, 3, 'Услуги'),
(11, 3, 'Новости'),
(12, 3, 'Вакансии'),
(14, 3, 'Ремонт роботов'),
(15, 3, 'Апгрейд роботов'),
(16, 3, 'Прокат роботов'),
(17, 3, 'Человеко роботы'),
(18, 3, 'Боевые роботы'),
(19, 3, 'Космические роботы'),
(20, 3, 'Кухонные роботы'),
(21, 3, 'Рабочие роботы'),
(26, 3, 'Обратная связь'),
(27, 3, 'Новости'),
(28, 3, 'Вакансии'),
(29, 3, 'Блог'),
(30, 3, 'Новости'),
(31, 3, 'Блог'),
(32, 3, 'О компании');

-- --------------------------------------------------------

--
-- Table structure for table `mod_banner`
--

DROP TABLE IF EXISTS `mod_banner`;
CREATE TABLE IF NOT EXISTS `mod_banner` (
  `id` int(11) NOT NULL AUTO_INCREMENT,
  `active` tinyint(4) NOT NULL,
  `active_to` int(11) DEFAULT NULL,
  `where_show` text,
  `group` text,
  `position` int(11) NOT NULL,
  PRIMARY KEY (`id`)
) ENGINE=InnoDB  DEFAULT CHARSET=utf8 AUTO_INCREMENT=6 ;

--
-- Dumping data for table `mod_banner`
--

INSERT INTO `mod_banner` (`id`, `active`, `active_to`, `where_show`, `group`, `position`) VALUES
(4, 1, -1, 'a:1:{i:0;s:6:"main_0";}', NULL, 0),
(5, 1, -1, 'a:1:{i:0;s:6:"main_0";}', NULL, 0);

-- --------------------------------------------------------

--
-- Table structure for table `mod_banner_groups`
--

DROP TABLE IF EXISTS `mod_banner_groups`;
CREATE TABLE IF NOT EXISTS `mod_banner_groups` (
  `id` int(11) NOT NULL AUTO_INCREMENT,
  `name` varchar(255) DEFAULT NULL,
  PRIMARY KEY (`id`)
) ENGINE=InnoDB DEFAULT CHARSET=utf8 AUTO_INCREMENT=1 ;

-- --------------------------------------------------------

--
-- Table structure for table `mod_banner_i18n`
--

DROP TABLE IF EXISTS `mod_banner_i18n`;
CREATE TABLE IF NOT EXISTS `mod_banner_i18n` (
  `id` int(11) NOT NULL,
  `url` text,
  `locale` varchar(5) NOT NULL,
  `name` varchar(25) DEFAULT NULL,
  `description` text,
  `photo` varchar(255) DEFAULT NULL,
  KEY `id` (`id`,`locale`)
) ENGINE=InnoDB DEFAULT CHARSET=utf8;

--
-- Dumping data for table `mod_banner_i18n`
--

INSERT INTO `mod_banner_i18n` (`id`, `url`, `locale`, `name`, `description`, `photo`) VALUES
(4, '', 'ru', 'corporate1', '', '/uploads/images/banners/boeviye-roboty.jpg'),
(5, '', 'ru', 'corporate2', '', '/uploads/images/banners/boeviye-roboty2.jpg');

-- --------------------------------------------------------

--
-- Table structure for table `mod_email_paterns`
--

DROP TABLE IF EXISTS `mod_email_paterns`;
CREATE TABLE IF NOT EXISTS `mod_email_paterns` (
  `id` int(11) NOT NULL AUTO_INCREMENT,
  `name` varchar(256) NOT NULL,
  `patern` text,
  `from` varchar(256) NOT NULL,
  `from_email` varchar(256) NOT NULL,
  `admin_email` varchar(256) NOT NULL,
  `type` enum('HTML','Text') NOT NULL DEFAULT 'HTML',
  `user_message_active` tinyint(1) NOT NULL,
  `admin_message_active` tinyint(1) NOT NULL,
  PRIMARY KEY (`id`)
) ENGINE=InnoDB  DEFAULT CHARSET=utf8 AUTO_INCREMENT=21 ;

--
-- Dumping data for table `mod_email_paterns`
--

INSERT INTO `mod_email_paterns` (`id`, `name`, `patern`, `from`, `from_email`, `admin_email`, `type`, `user_message_active`, `admin_message_active`) VALUES
(4, 'create_user', '', 'Admin', 'no-replay@shop.com', '', 'HTML', 1, 1),
(5, 'forgot_password', '', 'Администрация сайта', 'no-replay@shop.com', '', 'HTML', 1, 0),
(6, 'change_password', '', 'Администрация сайта', 'no-replay@shop.com', '', 'HTML', 1, 0);

-- --------------------------------------------------------

--
-- Table structure for table `mod_email_paterns_i18n`
--

DROP TABLE IF EXISTS `mod_email_paterns_i18n`;
CREATE TABLE IF NOT EXISTS `mod_email_paterns_i18n` (
  `id` int(11) NOT NULL,
  `locale` varchar(5) NOT NULL,
  `theme` varchar(256) NOT NULL,
  `user_message` text NOT NULL,
  `admin_message` text NOT NULL,
  `description` text NOT NULL,
  `variables` text NOT NULL,
  PRIMARY KEY (`id`,`locale`)
) ENGINE=InnoDB DEFAULT CHARSET=utf8;

--
-- Dumping data for table `mod_email_paterns_i18n`
--

INSERT INTO `mod_email_paterns_i18n` (`id`, `locale`, `theme`, `user_message`, `admin_message`, `description`, `variables`) VALUES
(4, 'ru', 'Создание пользователя', '<p style="font-family: arial; font-size: 13px; margin-top: 10px;">Здравствуйте, $user_name$!</p>\n<p style="font-family: arial; font-size: 13px; margin-top: 10px;">Поздравляем! Ваша регистрация прошла успешно.</p>\n<p style="font-family: arial; font-size: 13px; margin-top: 20px;">Данные для входа в магазин:</p>\n<div style="font-family: arial; font-size: 13px; margin-top: 10px;"><span style="color: #666;">Email адрес: </span>$user_email$</div>\n<div style="font-family: arial; font-size: 13px; margin-top: 10px;"><span style="color: #666;">Пароль: </span>$user_password$</div>', '<p><span>Создан пользователь $user_name$:</span><br /><span>С паролем: $user_password$</span><br /><span>Адресом: &nbsp;$<span>user_</span>address$</span><br /><span>Email пользователя: $user_email$</span><br /><span>Телефон пользователя: $user_phone$</span></p>', '<p>Шаблон письма на создание пользователя</p>', 'a:7:{s:10:"$userName$";s:31:"Имя пользователя";s:11:"$userEmail$";s:30:"Email Пользователя";s:11:"$userPhone$";s:39:"Телефон Пользователя";s:13:"$userDeliver$";s:27:"Адрес доставки";s:11:"$orderLink$";s:28:"Ссылка на заказ";s:16:"$deliveryMethod$";s:29:"Способ доставки";s:15:"$paymentMethod$";s:25:"Способ оплаты";}'),
(5, 'ru', 'Восстановление пароля', '<p><span>Здравствуйте!</span><br /><br /><span>На сайте $webSiteName$ создан запрос на восстановление пароля для Вашего аккаунта.</span><br /><br /><span>Для завершения процедуры восстановления пароля перейдите по ссылке $resetPasswordUri$</span><br /><br /><span>Ваш новый пароль для входа: $password$</span><br /><br /><span>Если это письмо попало к Вам по ошибке просто проигнорируйте его.</span><br /><br /><span>При возникновении любых вопросов, обращайтесь по телефонам:</span><br /><br /><span>(012)&nbsp; 345-67-89 , (012)&nbsp; 345-67-89</span><br /><br /><span>---</span><br /><br /><span>С уважением,</span><br /><br /><span>сотрудники службы продаж $webSiteName$</span></p>', '', 'Шаблон письма на  восстановление пароля', 'a:5:{s:13:"$webSiteName$";s:17:"Имя сайта";s:18:"$resetPasswordUri$";s:59:"Ссылка на восстановления пароля";s:10:"$password$";s:12:"Пароль";s:5:"$key$";s:8:"Ключ";s:16:"$webMasterEmail$";s:54:"Email сотрудников службы продаж";}'),
(6, 'ru', 'Смена пароля', '<p><span>Здравствуйте $user_name$!</span><br /><br /><span>Ваш новый пароль для входа: $password$</span><br /><br /><span>Если это письмо попало к Вам по ошибке просто проигнорируйте его.</span><br /><br /><span><br /></span></p>', '', '<p>Шаблон письма изменения пароля</p>', 'a:2:{s:11:"$user_name$";s:31:"Имя пользователя";s:10:"$password$";s:23:"новый пароль";}');

-- --------------------------------------------------------

--
-- Table structure for table `mod_sample_settings`
--

DROP TABLE IF EXISTS `mod_sample_settings`;
CREATE TABLE IF NOT EXISTS `mod_sample_settings` (
  `id` int(11) NOT NULL AUTO_INCREMENT,
  `name` varchar(50) NOT NULL,
  `value` varchar(100) NOT NULL,
  PRIMARY KEY (`id`)
) ENGINE=InnoDB  DEFAULT CHARSET=utf8 AUTO_INCREMENT=4 ;

--
-- Dumping data for table `mod_sample_settings`
--

INSERT INTO `mod_sample_settings` (`id`, `name`, `value`) VALUES
(1, 'mailTo', 'admin@site.com'),
(2, 'useEmailNotification', 'TRUE'),
(3, 'key', 'UUUsssTTTeee');

-- --------------------------------------------------------

--
-- Table structure for table `permissions`
--

DROP TABLE IF EXISTS `permissions`;
CREATE TABLE IF NOT EXISTS `permissions` (
  `id` int(11) NOT NULL AUTO_INCREMENT,
  `role_id` int(11) NOT NULL,
  `data` text,
  PRIMARY KEY (`id`),
  KEY `role_id` (`role_id`)
) ENGINE=MyISAM  DEFAULT CHARSET=utf8 ROW_FORMAT=DYNAMIC AUTO_INCREMENT=5 ;

--
-- Dumping data for table `permissions`
--

INSERT INTO `permissions` (`id`, `role_id`, `data`) VALUES
(1, 10, 'a:36:{s:9:"cp_access";s:1:"1";s:13:"cp_autoupdate";s:1:"1";s:14:"cp_page_search";s:1:"1";s:11:"lang_create";s:1:"1";s:9:"lang_edit";s:1:"1";s:11:"lang_delete";s:1:"1";s:16:"cp_site_settings";s:1:"1";s:11:"cache_clear";s:1:"1";s:11:"page_create";s:1:"1";s:9:"page_edit";s:1:"1";s:11:"page_delete";s:1:"1";s:15:"category_create";s:1:"1";s:13:"category_edit";s:1:"1";s:15:"category_delete";s:1:"1";s:14:"module_install";s:1:"1";s:16:"module_deinstall";s:1:"1";s:12:"module_admin";s:1:"1";s:13:"widget_create";s:1:"1";s:13:"widget_delete";s:1:"1";s:22:"widget_access_settings";s:1:"1";s:11:"menu_create";s:1:"1";s:9:"menu_edit";s:1:"1";s:11:"menu_delete";s:1:"1";s:11:"user_create";s:1:"1";s:21:"user_create_all_roles";s:1:"1";s:9:"user_edit";s:1:"1";s:11:"user_delete";s:1:"1";s:14:"user_view_data";s:1:"1";s:14:"xfields_create";s:1:"1";s:14:"xfields_delete";s:1:"1";s:12:"xfields_edit";s:1:"1";s:12:"roles_create";s:1:"1";s:10:"roles_edit";s:1:"1";s:12:"roles_delete";s:1:"1";s:9:"logs_view";s:1:"1";s:13:"backup_\ncreate";s:1:"1";}');

-- --------------------------------------------------------

--
-- Table structure for table `propel_migration`
--

DROP TABLE IF EXISTS `propel_migration`;
CREATE TABLE IF NOT EXISTS `propel_migration` (
  `version` int(11) DEFAULT '0'
) ENGINE=MyISAM DEFAULT CHARSET=utf8;

--
-- Dumping data for table `propel_migration`
--

INSERT INTO `propel_migration` (`version`) VALUES
(1289824919);

-- --------------------------------------------------------

--
-- Table structure for table `rating`
--

DROP TABLE IF EXISTS `rating`;
CREATE TABLE IF NOT EXISTS `rating` (
  `id` int(11) NOT NULL AUTO_INCREMENT,
  `id_type` varchar(25) DEFAULT NULL,
  `type` varchar(25) DEFAULT NULL,
  `votes` int(11) NOT NULL,
  `rating` int(11) NOT NULL,
  PRIMARY KEY (`id`)
) ENGINE=InnoDB DEFAULT CHARSET=utf8 AUTO_INCREMENT=1 ;

-- --------------------------------------------------------

--
-- Table structure for table `roles`
--

DROP TABLE IF EXISTS `roles`;
CREATE TABLE IF NOT EXISTS `roles` (
  `id` int(11) NOT NULL AUTO_INCREMENT,
  `parent_id` int(11) NOT NULL DEFAULT '0',
  `name` varchar(30) NOT NULL,
  `alt_name` varchar(50) NOT NULL,
  `desc` varchar(300) NOT NULL,
  PRIMARY KEY (`id`),
  KEY `parent_id` (`parent_id`),
  KEY `name` (`name`)
) ENGINE=MyISAM  DEFAULT CHARSET=utf8 ROW_FORMAT=DYNAMIC AUTO_INCREMENT=19 ;

--
-- Dumping data for table `roles`
--

INSERT INTO `roles` (`id`, `parent_id`, `name`, `alt_name`, `desc`) VALUES
(1, 0, 'user', 'Пользователи', ''),
(10, 0, 'admin', 'Администраторы', '');

-- --------------------------------------------------------

--
-- Table structure for table `search`
--

DROP TABLE IF EXISTS `search`;
CREATE TABLE IF NOT EXISTS `search` (
  `id` int(11) NOT NULL AUTO_INCREMENT,
  `hash` varchar(264) DEFAULT NULL,
  `datetime` int(11) DEFAULT NULL,
  `where_array` text,
  `select_array` text,
  `table_name` varchar(100) DEFAULT NULL,
  `order_by` text,
  `row_count` int(11) DEFAULT NULL,
  `total_rows` int(11) DEFAULT NULL,
  `ids` text,
  `search_title` varchar(250) NOT NULL,
  PRIMARY KEY (`id`),
  KEY `hash` (`hash`),
  KEY `datetime` (`datetime`)
) ENGINE=MyISAM  DEFAULT CHARSET=utf8 AUTO_INCREMENT=4 ;

-- --------------------------------------------------------

--
-- Table structure for table `settings`
--

DROP TABLE IF EXISTS `settings`;
CREATE TABLE IF NOT EXISTS `settings` (
  `id` int(11) NOT NULL AUTO_INCREMENT,
  `s_name` varchar(50) NOT NULL,
  `create_keywords` varchar(25) NOT NULL,
  `create_description` varchar(25) NOT NULL,
  `create_cat_keywords` varchar(25) NOT NULL,
  `create_cat_description` varchar(25) NOT NULL,
  `add_site_name` int(1) NOT NULL,
  `add_site_name_to_cat` int(1) NOT NULL,
  `delimiter` varchar(5) NOT NULL,
  `editor_theme` varchar(10) NOT NULL,
  `site_template` varchar(50) NOT NULL,
  `site_offline` varchar(5) NOT NULL,
  `google_analytics_id` varchar(40) DEFAULT NULL,
  `main_type` varchar(50) NOT NULL,
  `main_page_id` int(11) NOT NULL,
  `main_page_cat` text NOT NULL,
  `main_page_module` varchar(50) NOT NULL,
  `sidepanel` varchar(5) NOT NULL,
  `lk` varchar(250) DEFAULT NULL,
  `lang_sel` varchar(15) NOT NULL DEFAULT 'russian_lang',
  `google_webmaster` varchar(200) DEFAULT NULL,
  `yandex_webmaster` varchar(200) DEFAULT NULL,
  `yandex_metric` varchar(200) NOT NULL,
  `ss` varchar(255) NOT NULL,
  `cat_list` varchar(10) NOT NULL,
  `text_editor` varchar(30) NOT NULL,
  `siteinfo` text NOT NULL,
  `update` text,
  `backup` text,
  `robots_status` int(1) NOT NULL,
  `robots_settings_status` smallint(1) NOT NULL DEFAULT '0',
  `robots_settings` text NOT NULL,
  `google_analytics_ee` int(1) NOT NULL DEFAULT '1',
  PRIMARY KEY (`id`),
  KEY `s_name` (`s_name`)
) ENGINE=MyISAM  DEFAULT CHARSET=utf8 AUTO_INCREMENT=5 ;

--
-- Dumping data for table `settings`
--

INSERT INTO `settings` (`id`, `s_name`, `create_keywords`, `create_description`, `create_cat_keywords`, `create_cat_description`, `add_site_name`, `add_site_name_to_cat`, `delimiter`, `editor_theme`, `site_template`, `site_offline`, `google_analytics_id`, `main_type`, `main_page_id`, `main_page_cat`, `main_page_module`, `sidepanel`, `lk`, `lang_sel`, `google_webmaster`, `yandex_webmaster`, `yandex_metric`, `ss`, `cat_list`, `text_editor`, `siteinfo`, `update`, `backup`, `robots_status`, `robots_settings_status`, `robots_settings`) VALUES
(2, 'main', 'auto', 'auto', '0', '0', 1, 1, '/', '0', 'corporate', 'no', '', 'page', 69, '63', '', '', '', 'ru_RU', '', '', '', '', 'yes', 'tinymce', 'a:3:{s:13:"siteinfo_logo";a:1:{s:9:"corporate";s:8:"logo.png";}s:16:"siteinfo_favicon";a:1:{s:9:"corporate";s:11:"favicon.ico";}s:2:"ru";a:5:{s:20:"siteinfo_companytype";s:97:"© Интернет-магазин «<a href="http://www.imagecms.net/">ImageCMS Shop</a>», 2013";s:16:"siteinfo_address";s:63:"Улица Шевченка, Буд. 22, офис: 39, Київ";s:18:"siteinfo_mainphone";s:15:"(097) 567-43-21";s:19:"siteinfo_adminemail";s:19:"webmaster@local.com";s:8:"contacts";a:2:{s:5:"Skype";s:8:"imagecms";s:5:"Email";s:20:"partner@imagecms.net";}}}', '', NULL, 0, 0, '');

-- --------------------------------------------------------

--
-- Table structure for table `settings_i18n`
--

DROP TABLE IF EXISTS `settings_i18n`;
CREATE TABLE IF NOT EXISTS `settings_i18n` (
  `id` int(11) NOT NULL AUTO_INCREMENT,
  `lang_ident` int(11) NOT NULL,
  `name` varchar(255) CHARACTER SET utf8 DEFAULT NULL,
  `short_name` varchar(255) CHARACTER SET utf8 DEFAULT NULL,
  `description` varchar(255) CHARACTER SET utf8 DEFAULT NULL,
  `keywords` varchar(255) CHARACTER SET utf8 DEFAULT NULL,
  PRIMARY KEY (`id`)
) ENGINE=InnoDB  DEFAULT CHARSET=latin1 AUTO_INCREMENT=3 ;

--
-- Dumping data for table `settings_i18n`
--

INSERT INTO `settings_i18n` (`id`, `lang_ident`, `name`, `short_name`, `description`, `keywords`) VALUES
(1, 3, 'ImageCMS DemoShop', 'ImageCMS', 'Продажа качественной техники с гарантией и доставкой', 'магазин техники, покупка техники, доставка техники');

-- --------------------------------------------------------

--
-- Структура таблицы `shop_rbac_group`
--

DROP TABLE IF EXISTS `shop_rbac_group`;
CREATE TABLE IF NOT EXISTS `shop_rbac_group` (
  `id` int(11) NOT NULL AUTO_INCREMENT,
  `type` varchar(10) NOT NULL,
  `name` varchar(100) NOT NULL,
  `description` varchar(255) DEFAULT NULL,
  PRIMARY KEY (`id`)
) ENGINE=MyISAM  DEFAULT CHARSET=utf8 AUTO_INCREMENT=78 ;

--
-- Дамп данных таблицы `shop_rbac_group`
--

INSERT INTO `shop_rbac_group` (`id`, `type`, `name`, `description`) VALUES
(28, 'base', 'Admin', NULL),
(29, 'base', 'Admin_logs', NULL),
(30, 'base', 'Admin_search', NULL),
(31, 'base', 'Backup', NULL),
(32, 'base', 'Cache_all', NULL),
(33, 'base', 'Categories', NULL),
(34, 'base', 'Components', NULL),
(35, 'base', 'Dashboard', NULL),
(36, 'base', 'Languages', NULL),
(37, 'base', 'Login', NULL),
(39, 'base', 'Pages', NULL),
(40, 'base', 'Rbac', NULL),
(41, 'base', 'Settings', NULL),
(43, 'module', 'Cfcm', NULL),
(44, 'module', 'Comments', NULL),
(45, 'module', 'Feedback', NULL),
(46, 'module', 'Gallery', NULL),
(47, 'module', 'Group_mailer', NULL),
(48, 'module', 'Mailer', NULL),
(49, 'module', 'Menu', NULL),
(50, 'module', 'Rss', NULL),
(51, 'module', 'Sample_mail', NULL),
(52, 'module', 'Sample_module', NULL),
(53, 'module', 'Share', NULL),
(54, 'module', 'Sitemap', NULL),
(55, 'module', 'Social_servises', NULL),
(56, 'module', 'Template_editor', NULL),
(57, 'module', 'Trash', NULL),
(58, 'module', 'User_manager', NULL),
(59, 'base', 'Widgets_manager', NULL),
(61, 'module', 'Template_manager', NULL),
(62, 'module', 'Banners', NULL),
(64, 'module', 'Cmsemail', NULL),
(67, 'module', 'Translator', NULL),
(68, 'module', 'Imagebox', NULL),
(69, 'module', 'Star_rating', NULL),
(73, 'base', 'Sys_update', NULL),
(74, 'base', 'Sys_info', NULL),
(76, 'module', 'Module_frame', NULL),
(78, 'module', 'Admin_menu', NULL);

-- --------------------------------------------------------

--
-- Структура таблицы `shop_rbac_group_i18n`
--

DROP TABLE IF EXISTS `shop_rbac_group_i18n`;
CREATE TABLE IF NOT EXISTS `shop_rbac_group_i18n` (
  `id` int(11) NOT NULL,
  `description` varchar(200) DEFAULT NULL,
  `locale` varchar(5) NOT NULL,
  KEY `id_idx` (`id`)
) ENGINE=MyISAM DEFAULT CHARSET=utf8;

--
-- Дамп данных таблицы `shop_rbac_group_i18n`
--

INSERT INTO `shop_rbac_group_i18n` (`id`, `description`, `locale`) VALUES
(1, 'Управление баннерами', 'ru'),
(2, 'Управление брендами', 'ru'),
(3, 'Управление колбеками', 'ru'),
(4, 'Управление категориями товаров в магазине', 'ru'),
(5, 'Управление статистикой', 'ru'),
(6, 'Управление накопительными скидками', 'ru'),
(7, 'Управление валютами', 'ru'),
(8, 'Управление дополнительными полями для магазина', 'ru'),
(9, 'Главная страница панели управления магазином', 'ru'),
(10, 'Управление способами доставки', 'ru'),
(11, 'Управление скидками', 'ru'),
(12, 'Управление подарочными сертификатами', 'ru'),
(13, 'Управление наборами товаров', 'ru'),
(14, 'Управление уведомлениями', 'ru'),
(15, 'Управление статусами уведомлений', 'ru'),
(16, 'Управление заказами', 'ru'),
(17, 'Управление статусами заказов', 'ru'),
(18, 'Управление методами оплаты', 'ru'),
(19, 'Управление товарами', 'ru'),
(20, 'Управление слежением за товарами', 'ru'),
(21, 'Управление свойствами товаров', 'ru'),
(23, 'Управление поиском', 'ru'),
(24, 'Управление настройками магазина', 'ru'),
(25, 'Управление системой магазина (импорт\\экспорт)', 'ru'),
(26, 'Управление юзерами магазина', 'ru'),
(27, 'Управление складами', 'ru'),
(28, 'Доступ к админпанели', 'ru'),
(29, 'История событий', 'ru'),
(30, 'Управление поиском в базовой админ панели', 'ru'),
(31, 'Управление бекапами', 'ru'),
(32, 'Управление кэшем', 'ru'),
(33, 'Управление категориями сайта', 'ru'),
(34, 'Управление компонентами сайта', 'ru'),
(35, 'Управление главной станицой базовой админ панели', 'ru'),
(36, 'Управление языками', 'ru'),
(37, 'Вход в админпанель', 'ru'),
(38, 'Поиск модулей для установки', 'ru'),
(39, 'Управление страницами', 'ru'),
(40, 'Управление правами доступа', 'ru'),
(41, 'Управление базовыми настройками', 'ru'),
(42, 'Управление обновлением системы', 'ru'),
(43, 'Управление констуктором полей', 'ru'),
(44, 'Управление комментариями', 'ru'),
(45, 'Управление обратной связью', 'ru'),
(46, 'Управление галереей', 'ru'),
(47, 'Управление модулем рассылки', 'ru'),
(48, 'Управление модулем подписки и рассылки', 'ru'),
(49, 'Управление меню', 'ru'),
(50, 'Управление модулем RSS', 'ru'),
(51, 'Управление шаблонами писем', 'ru'),
(52, 'Шаблон модуля', 'ru'),
(53, 'Управление модулем кнопок соцсетей', 'ru'),
(54, 'Управление модулем карта сайта', 'ru'),
(55, 'Управление модулем интеграции с соцсетями', 'ru'),
(56, 'Управление модулем редактор шаблонов', 'ru'),
(57, 'Управление модулем перенаправления', 'ru'),
(58, 'Управление пользователями', 'ru'),
(59, 'Управление виджетами', 'ru');

-- --------------------------------------------------------

--
-- Структура таблицы `shop_rbac_privileges`
--

DROP TABLE IF EXISTS `shop_rbac_privileges`;
CREATE TABLE IF NOT EXISTS `shop_rbac_privileges` (
  `id` int(11) NOT NULL AUTO_INCREMENT,
  `name` varchar(255) NOT NULL,
  `group_id` int(11) NOT NULL,
  `description` varchar(255) DEFAULT NULL,
  PRIMARY KEY (`id`),
  KEY `shop_rbac_privileges_I_1` (`name`),
  KEY `shop_rbac_privileges_FI_1` (`group_id`)
) ENGINE=MyISAM  DEFAULT CHARSET=utf8 AUTO_INCREMENT=672 ;

--
-- Дамп данных таблицы `shop_rbac_privileges`
--

INSERT INTO `shop_rbac_privileges` (`id`, `name`, `group_id`, `description`) VALUES
(1, 'ShopAdminBanners::index', 1, NULL),
(2, 'ShopAdminBanners::create', 1, NULL),
(3, 'ShopAdminBanners::edit', 1, NULL),
(4, 'ShopAdminBanners::deleteAll', 1, NULL),
(5, 'ShopAdminBanners::translate', 1, NULL),
(6, 'ShopAdminBanners::changeActive', 1, NULL),
(7, 'ShopAdminBrands::index', 2, NULL),
(8, 'ShopAdminBrands::create', 2, NULL),
(9, 'ShopAdminBrands::edit', 2, NULL),
(10, 'ShopAdminBrands::delete', 2, NULL),
(11, 'ShopAdminBrands::c_list', 2, NULL),
(12, 'ShopAdminBrands::translate', 2, NULL),
(13, 'ShopAdminCallbacks::index', 3, NULL),
(14, 'ShopAdminCallbacks::update', 3, NULL),
(15, 'ShopAdminCallbacks::statuses', 3, NULL),
(16, 'ShopAdminCallbacks::createStatus', 3, NULL),
(17, 'ShopAdminCallbacks::updateStatus', 3, NULL),
(18, 'ShopAdminCallbacks::setDefaultStatus', 3, NULL),
(19, 'ShopAdminCallbacks::changeStatus', 3, NULL),
(20, 'ShopAdminCallbacks::reorderThemes', 3, NULL),
(21, 'ShopAdminCallbacks::changeTheme', 3, NULL),
(22, 'ShopAdminCallbacks::deleteCallback', 3, NULL),
(23, 'ShopAdminCallbacks::deleteStatus', 3, NULL),
(24, 'ShopAdminCallbacks::themes', 3, NULL),
(25, 'ShopAdminCallbacks::createTheme', 3, NULL),
(26, 'ShopAdminCallbacks::updateTheme', 3, NULL),
(27, 'ShopAdminCallbacks::deleteTheme', 3, NULL),
(28, 'ShopAdminCallbacks::search', 3, NULL),
(29, 'ShopAdminCategories::index', 4, NULL),
(30, 'ShopAdminCategories::create', 4, NULL),
(31, 'ShopAdminCategories::edit', 4, NULL),
(32, 'ShopAdminCategories::delete', 4, NULL),
(33, 'ShopAdminCategories::c_list', 4, NULL),
(34, 'ShopAdminCategories::save_positions', 4, NULL),
(35, 'ShopAdminCategories::ajax_translit', 4, NULL),
(36, 'ShopAdminCategories::translate', 4, NULL),
(37, 'ShopAdminCategories::changeActive', 4, NULL),
(38, 'ShopAdminCategories::create_tpl', 4, NULL),
(39, 'ShopAdminCategories::get_tpl_names', 4, NULL),
(40, 'ShopAdminCharts::orders', 5, NULL),
(41, 'ShopAdminCharts::byDate', 5, NULL),
(42, 'ShopAdminCharts::_createDatesDropDown', 5, NULL),
(43, 'ShopAdminComulativ::index', 6, NULL),
(44, 'ShopAdminComulativ::create', 6, NULL),
(45, 'ShopAdminComulativ::edit', 6, NULL),
(46, 'ShopAdminComulativ::allUsers', 6, NULL),
(47, 'ShopAdminComulativ::user', 6, NULL),
(48, 'ShopAdminComulativ::deleteAll', 6, NULL),
(49, 'ShopAdminComulativ::change_comulativ_dis_status', 6, NULL),
(50, 'ShopAdminCurrencies::index', 7, NULL),
(51, 'ShopAdminCurrencies::create', 7, NULL),
(52, 'ShopAdminCurrencies::edit', 7, NULL),
(53, 'ShopAdminCurrencies::makeCurrencyDefault', 7, NULL),
(54, 'ShopAdminCurrencies::makeCurrencyMain', 7, NULL),
(55, 'ShopAdminCurrencies::delete', 7, NULL),
(56, 'ShopAdminCurrencies::recount', 7, NULL),
(57, 'ShopAdminCurrencies::checkPrices', 7, NULL),
(58, 'ShopAdminCustomfields::index', 8, NULL),
(59, 'ShopAdminCustomfields::create', 8, NULL),
(60, 'ShopAdminCustomfields::edit', 8, NULL),
(61, 'ShopAdminCustomfields::deleteAll', 8, NULL),
(62, 'ShopAdminCustomfields::change_status_activ', 8, NULL),
(63, 'ShopAdminCustomfields::change_status_private', 8, NULL),
(64, 'ShopAdminCustomfields::change_status_required', 8, NULL),
(65, 'ShopAdminDashboard::index', 9, NULL),
(66, 'ShopAdminDeliverymethods::index', 10, NULL),
(67, 'ShopAdminDeliverymethods::create', 10, NULL),
(68, 'ShopAdminDeliverymethods::change_delivery_status', 10, NULL),
(69, 'ShopAdminDeliverymethods::edit', 10, NULL),
(70, 'ShopAdminDeliverymethods::deleteAll', 10, NULL),
(71, 'ShopAdminDeliverymethods::c_list', 10, NULL),
(72, 'ShopAdminDiscounts::index', 11, NULL),
(73, 'ShopAdminDiscounts::create', 11, NULL),
(74, 'ShopAdminDiscounts::change_discount_status', 11, NULL),
(75, 'ShopAdminDiscounts::edit', 11, NULL),
(76, 'ShopAdminDiscounts::deleteAll', 11, NULL),
(77, 'ShopAdminGifts::index', 12, NULL),
(78, 'ShopAdminGifts::create', 12, NULL),
(79, 'ShopAdminGifts::generateKey', 12, NULL),
(80, 'ShopAdminGifts::delete', 12, NULL),
(81, 'ShopAdminGifts::edit', 12, NULL),
(82, 'ShopAdminGifts::ChangeActive', 12, NULL),
(83, 'ShopAdminGifts::settings', 12, NULL),
(84, 'ShopAdminGifts::save_settings', 12, NULL),
(85, 'ShopAdminKits::index', 13, NULL),
(86, 'ShopAdminKits::kit_create', 13, NULL),
(87, 'ShopAdminKits::kit_edit', 13, NULL),
(88, 'ShopAdminKits::kit_save_positions', 13, NULL),
(89, 'ShopAdminKits::kit_change_active', 13, NULL),
(90, 'ShopAdminKits::kit_list', 13, NULL),
(91, 'ShopAdminKits::kit_delete', 13, NULL),
(92, 'ShopAdminKits::get_products_list', 13, NULL),
(93, 'ShopAdminNotifications::index', 14, NULL),
(94, 'ShopAdminNotifications::edit', 14, NULL),
(95, 'ShopAdminNotifications::changeStatus', 14, NULL),
(96, 'ShopAdminNotifications::notifyByEmail', 14, NULL),
(97, 'ShopAdminNotifications::deleteAll', 14, NULL),
(98, 'ShopAdminNotifications::ajaxDeleteNotifications', 14, NULL),
(99, 'ShopAdminNotifications::ajaxChangeNotificationsStatus', 14, NULL),
(100, 'ShopAdminNotifications::search', 14, NULL),
(101, 'ShopAdminNotifications::getAvailableNotification', 14, NULL),
(102, 'ShopAdminNotificationstatuses::index', 15, NULL),
(103, 'ShopAdminNotificationstatuses::create', 15, NULL),
(104, 'ShopAdminNotificationstatuses::edit', 15, NULL),
(105, 'ShopAdminNotificationstatuses::deleteAll', 15, NULL),
(106, 'ShopAdminNotificationstatuses::savePositions', 15, NULL),
(107, 'ShopAdminOrders::index', 16, NULL),
(108, 'ShopAdminOrders::edit', 16, NULL),
(109, 'ShopAdminOrders::changeStatus', 16, NULL),
(110, 'ShopAdminOrders::changePaid', 16, NULL),
(111, 'ShopAdminOrders::delete', 16, NULL),
(112, 'ShopAdminOrders::ajaxDeleteOrders', 16, NULL),
(113, 'ShopAdminOrders::ajaxChangeOrdersStatus', 16, NULL),
(114, 'ShopAdminOrders::ajaxChangeOrdersPaid', 16, NULL),
(115, 'ShopAdminOrders::ajaxEditWindow', 16, NULL),
(116, 'ShopAdminOrders::editKit', 16, NULL),
(117, 'ShopAdminOrders::ajaxEditAddToCartWindow', 16, NULL),
(118, 'ShopAdminOrders::ajaxDeleteProduct', 16, NULL),
(119, 'ShopAdminOrders::ajaxGetProductList', 16, NULL),
(120, 'ShopAdminOrders::ajaxEditOrderCart', 16, NULL),
(121, 'ShopAdminOrders::ajaxEditOrderAddToCart', 16, NULL),
(122, 'ShopAdminOrders::ajaxGetOrderCart', 16, NULL),
(123, 'ShopAdminOrders::search', 16, NULL),
(124, 'ShopAdminOrders::printChecks', 16, NULL),
(125, 'ShopAdminOrders::createPDFPage', 16, NULL),
(126, 'ShopAdminOrders::createPdf', 16, NULL),
(127, 'ShopAdminOrders::create', 16, NULL),
(128, 'ShopAdminOrderstatuses::index', 17, NULL),
(129, 'ShopAdminOrderstatuses::create', 17, NULL),
(130, 'ShopAdminOrderstatuses::edit', 17, NULL),
(131, 'ShopAdminOrderstatuses::delete', 17, NULL),
(132, 'ShopAdminOrderstatuses::ajaxDeleteWindow', 17, NULL),
(133, 'ShopAdminOrderstatuses::savePositions', 17, NULL),
(134, 'ShopAdminPaymentmethods::index', 18, NULL),
(135, 'ShopAdminPaymentmethods::create', 18, NULL),
(136, 'ShopAdminPaymentmethods::change_payment_status', 18, NULL),
(137, 'ShopAdminPaymentmethods::edit', 18, NULL),
(138, 'ShopAdminPaymentmethods::deleteAll', 18, NULL),
(139, 'ShopAdminPaymentmethods::savePositions', 18, NULL),
(140, 'ShopAdminPaymentmethods::getAdminForm', 18, NULL),
(141, 'ShopAdminProducts::index', 19, NULL),
(142, 'ShopAdminProducts::create', 19, NULL),
(143, 'ShopAdminProducts::edit', 19, NULL),
(144, 'ShopAdminProducts::saveAdditionalImages', 19, NULL),
(145, 'ShopAdminProducts::delete', 19, NULL),
(146, 'ShopAdminProducts::processImage', 19, NULL),
(147, 'ShopAdminProducts::deleteAddImage', 19, NULL),
(148, 'ShopAdminProducts::ajaxChangeActive', 19, NULL),
(149, 'ShopAdminProducts::ajaxChangeHit', 19, NULL),
(150, 'ShopAdminProducts::ajaxChangeHot', 19, NULL),
(151, 'ShopAdminProducts::ajaxChangeAction', 19, NULL),
(152, 'ShopAdminProducts::ajaxUpdatePrice', 19, NULL),
(153, 'ShopAdminProducts::ajaxCloneProducts', 19, NULL),
(154, 'ShopAdminProducts::ajaxDeleteProducts', 19, NULL),
(155, 'ShopAdminProducts::ajaxMoveWindow', 19, NULL),
(156, 'ShopAdminProducts::ajaxMoveProducts', 19, NULL),
(157, 'ShopAdminProducts::translate', 19, NULL),
(158, 'ShopAdminProducts::get_ids', 19, NULL),
(159, 'ShopAdminProducts::prev_next', 19, NULL),
(160, 'ShopAdminProductspy::index', 20, NULL),
(161, 'ShopAdminProductspy::delete', 20, NULL),
(162, 'ShopAdminProductspy::settings', 20, NULL),
(163, 'ShopAdminProperties::index', 21, NULL),
(164, 'ShopAdminProperties::create', 21, NULL),
(165, 'ShopAdminProperties::edit', 21, NULL),
(166, 'ShopAdminProperties::renderForm', 21, NULL),
(167, 'ShopAdminProperties::save_positions', 21, NULL),
(168, 'ShopAdminProperties::delete', 21, NULL),
(169, 'ShopAdminProperties::changeActive', 21, NULL),
(184, 'ShopAdminSearch::index', 23, NULL),
(185, 'ShopAdminSearch::save_positions_variant', 23, NULL),
(186, 'ShopAdminSearch::autocomplete', 23, NULL),
(187, 'ShopAdminSearch::advanced', 23, NULL),
(188, 'ShopAdminSearch::renderCustomFields', 23, NULL),
(189, 'ShopAdminSettings::index', 24, NULL),
(190, 'ShopAdminSettings::update', 24, NULL),
(191, 'ShopAdminSettings::get_fsettings', 24, NULL),
(192, 'ShopAdminSettings::get_vsettings', 24, NULL),
(193, 'ShopAdminSettings::_get_templates', 24, NULL),
(194, 'ShopAdminSettings::_load_settings', 24, NULL),
(195, 'ShopAdminSettings::runResize', 24, NULL),
(196, 'ShopAdminSystem::import', 25, NULL),
(197, 'ShopAdminSystem::export', 25, NULL),
(198, 'ShopAdminSystem::getAttributes', 25, NULL),
(199, 'ShopAdminSystem::exportUsers', 25, NULL),
(200, 'ShopAdminUsers::index', 26, NULL),
(201, 'ShopAdminUsers::search', 26, NULL),
(202, 'ShopAdminUsers::create', 26, NULL),
(203, 'ShopAdminUsers::edit', 26, NULL),
(204, 'ShopAdminUsers::deleteAll', 26, NULL),
(205, 'ShopAdminUsers::auto_complite', 26, NULL),
(206, 'ShopAdminWarehouses::index', 27, NULL),
(207, 'ShopAdminWarehouses::create', 27, NULL),
(208, 'ShopAdminWarehouses::edit', 27, NULL),
(209, 'ShopAdminWarehouses::deleteAll', 27, NULL),
(210, 'Admin::__construct', 28, NULL),
(211, 'Admin::init', 28, NULL),
(212, 'Admin::index', 28, NULL),
(213, 'Admin::sys_info', 28, NULL),
(214, 'Admin::delete_cache', 28, NULL),
(215, 'Admin::elfinder_init', 28, NULL),
(216, 'Admin::get_csrf', 28, NULL),
(217, 'Admin::sidebar_cats', 28, NULL),
(218, 'Admin::logout', 28, NULL),
(219, 'Admin::report_bug', 28, NULL),
(220, 'Admin_logs::__construct', 29, NULL),
(221, 'Admin_logs::index', 29, NULL),
(222, 'Admin_search::__construct', 30, NULL),
(223, 'Admin_search::index', 30, NULL),
(224, 'Admin_search::advanced_search', 30, NULL),
(225, 'Admin_search::do_advanced_search', 30, NULL),
(226, 'Admin_search::validate_advanced_search', 30, NULL),
(227, 'Admin_search::form_from_group', 30, NULL),
(228, 'Admin_search::_filter_pages', 30, NULL),
(229, 'Admin_search::autocomplete', 30, NULL),
(230, 'Backup::__construct', 31, NULL),
(231, 'Backup::index', 31, NULL),
(232, 'Backup::create', 31, NULL),
(233, 'Backup::force_download', 31, NULL),
(234, 'Cache_all::__construct', 32, NULL),
(235, 'Cache_all::index', 32, NULL),
(236, 'Categories::__construct', 33, NULL),
(237, 'Categories::index', 33, NULL),
(238, 'Categories::create_form', 33, NULL),
(239, 'Categories::update_block', 33, NULL),
(240, 'Categories::save_positions', 33, NULL),
(241, 'Categories::cat_list', 33, NULL),
(242, 'Categories::sub_cats', 33, NULL),
(243, 'Categories::create', 33, NULL),
(244, 'Categories::update_urls', 33, NULL),
(245, 'Categories::category_exists', 33, NULL),
(246, 'Categories::fast_add', 33, NULL),
(247, 'Categories::update_fast_block', 33, NULL),
(248, 'Categories::edit', 33, NULL),
(249, 'Categories::translate', 33, NULL),
(250, 'Categories::delete', 33, NULL),
(251, 'Categories::_get_sub_cats', 33, NULL),
(252, 'Categories::get_comments_status', 33, NULL),
(253, 'Components::__construct', 34, NULL),
(254, 'Components::index', 34, NULL),
(255, 'Components::modules_table', 34, NULL),
(256, 'Components::is_installed', 34, NULL),
(257, 'Components::install', 34, NULL),
(258, 'Components::deinstall', 34, NULL),
(259, 'Components::find_components', 34, NULL),
(260, 'Components::component_settings', 34, NULL),
(261, 'Components::save_settings', 34, NULL),
(262, 'Components::init_window', 34, NULL),
(263, 'Components::cp', 34, NULL),
(264, 'Components::run', 34, NULL),
(265, 'Components::com_info', 34, NULL),
(266, 'Components::get_module_info', 34, NULL),
(267, 'Components::change_autoload', 34, NULL),
(268, 'Components::change_url_access', 34, NULL),
(269, 'Components::save_components_positions', 34, NULL),
(270, 'Components::change_show_in_menu', 34, NULL),
(271, 'Dashboard::__construct', 35, NULL),
(272, 'Dashboard::index', 35, NULL),
(273, 'Languages::__construct', 36, NULL),
(274, 'Languages::index', 36, NULL),
(275, 'Languages::create_form', 36, NULL),
(276, 'Languages::insert', 36, NULL),
(277, 'Languages::edit', 36, NULL),
(278, 'Languages::update', 36, NULL),
(279, 'Languages::delete', 36, NULL),
(280, 'Languages::set_default', 36, NULL),
(281, 'Login::__construct', 37, NULL),
(282, 'Login::index', 37, NULL),
(283, 'Login::user_browser', 37, NULL),
(284, 'Login::do_login', 37, NULL),
(285, 'Login::forgot_password', 37, NULL),
(286, 'Login::update_captcha', 37, NULL),
(287, 'Login::captcha_check', 37, NULL),
(288, 'Mod_search::__construct', 38, NULL),
(289, 'Mod_search::index', 38, NULL),
(290, 'Mod_search::category', 38, NULL),
(291, 'Mod_search::display_install_window', 38, NULL),
(292, 'Mod_search::connect_ftp', 38, NULL),
(293, 'Pages::__construct', 39, NULL),
(294, 'Pages::index', 39, NULL),
(295, 'Pages::add', 39, NULL),
(296, 'Pages::_set_page_roles', 39, NULL),
(297, 'Pages::edit', 39, NULL),
(298, 'Pages::update', 39, NULL),
(299, 'Pages::delete', 39, NULL),
(300, 'Pages::ajax_translit', 39, NULL),
(301, 'Pages::save_positions', 39, NULL),
(302, 'Pages::delete_pages', 39, NULL),
(303, 'Pages::move_pages', 39, NULL),
(304, 'Pages::show_move_window', 39, NULL),
(305, 'Pages::json_tags', 39, NULL),
(306, 'Pages::ajax_create_keywords', 39, NULL),
(307, 'Pages::ajax_create_description', 39, NULL),
(308, 'Pages::ajax_change_status', 39, NULL),
(309, 'Pages::GetPagesByCategory', 39, NULL),
(310, 'Rbac::__construct', 40, NULL),
(311, 'Settings::__construct', 41, NULL),
(312, 'Settings::index', 41, NULL),
(313, 'Settings::main_page', 41, NULL),
(314, 'Settings::_get_templates', 41, NULL),
(315, 'Settings::save', 41, NULL),
(316, 'Settings::switch_admin_lang', 41, NULL),
(317, 'Settings::save_main', 41, NULL),
(318, 'Sys_upgrade::__construct', 42, NULL),
(319, 'Sys_upgrade::index', 42, NULL),
(320, 'Sys_upgrade::make_upgrade', 42, NULL),
(321, 'Sys_upgrade::_check_status', 42, NULL),
(322, 'cfcm::__construct', 43, NULL),
(323, 'cfcm::_set_forms_config', 43, NULL),
(324, 'cfcm::index', 43, NULL),
(325, 'cfcm::create_field', 43, NULL),
(326, 'cfcm::edit_field_data_type', 43, NULL),
(327, 'cfcm::delete_field', 43, NULL),
(328, 'cfcm::edit_field', 43, NULL),
(329, 'cfcm::create_group', 43, NULL),
(330, 'cfcm::edit_group', 43, NULL),
(331, 'cfcm::delete_group', 43, NULL),
(332, 'cfcm::form_from_category_group', 43, NULL),
(333, 'cfcm::get_form_attributes', 43, NULL),
(334, 'cfcm::save_weight', 43, NULL),
(335, 'cfcm::render', 43, NULL),
(336, 'cfcm::get_url', 43, NULL),
(337, 'cfcm::get_form', 43, NULL),
(338, 'comments::__construct', 44, NULL),
(339, 'comments::index', 44, NULL),
(340, 'comments::proccess_child_comments', 44, NULL),
(341, 'comments::render', 44, NULL),
(342, 'comments::edit', 44, NULL),
(343, 'comments::update', 44, NULL),
(344, 'comments::update_status', 44, NULL),
(345, 'comments::delete', 44, NULL),
(346, 'comments::delete_many', 44, NULL),
(347, 'comments::show_settings', 44, NULL),
(348, 'comments::update_settings', 44, NULL),
(349, 'feedback::__construct', 45, NULL),
(350, 'feedback::index', 45, NULL),
(351, 'feedback::settings', 45, NULL),
(352, 'gallery::__construct', 46, NULL),
(353, 'gallery::index', 46, NULL),
(354, 'gallery::category', 46, NULL),
(355, 'gallery::settings', 46, NULL),
(356, 'gallery::create_album', 46, NULL),
(357, 'gallery::update_album', 46, NULL),
(358, 'gallery::edit_album_params', 46, NULL),
(359, 'gallery::delete_album', 46, NULL),
(360, 'gallery::show_crate_album', 46, NULL),
(361, 'gallery::edit_album', 46, NULL),
(362, 'gallery::edit_image', 46, NULL),
(363, 'gallery::rename_image', 46, NULL),
(364, 'gallery::delete_image', 46, NULL),
(365, 'gallery::update_info', 46, NULL),
(366, 'gallery::update_positions', 46, NULL),
(367, 'gallery::update_album_positions', 46, NULL),
(368, 'gallery::update_img_positions', 46, NULL),
(369, 'gallery::show_create_category', 46, NULL),
(370, 'gallery::create_category', 46, NULL),
(371, 'gallery::edit_category', 46, NULL),
(372, 'gallery::update_category', 46, NULL),
(373, 'gallery::delete_category', 46, NULL),
(374, 'gallery::upload_image', 46, NULL),
(375, 'gallery::upload_archive', 46, NULL),
(376, 'group_mailer::__construct', 47, NULL),
(377, 'group_mailer::index', 47, NULL),
(378, 'group_mailer::send_email', 47, NULL),
(379, 'mailer::__construct', 48, NULL),
(380, 'mailer::index', 48, NULL),
(381, 'mailer::send_email', 48, NULL),
(382, 'mailer::delete', 48, NULL),
(383, 'menu::__construct', 49, NULL),
(384, 'menu::index', 49, NULL),
(385, 'menu::menu_item', 49, NULL),
(386, 'menu::list_menu_items', 49, NULL),
(387, 'menu::create_item', 49, NULL),
(388, 'menu::display_selector', 49, NULL),
(389, 'menu::get_name_by_id', 49, NULL),
(390, 'menu::delete_item', 49, NULL),
(391, 'menu::edit_item', 49, NULL),
(392, 'menu::process_root', 49, NULL),
(393, 'menu::insert_menu_item', 49, NULL),
(394, 'menu::save_positions', 49, NULL),
(395, 'menu::create_menu', 49, NULL),
(396, 'menu::edit_menu', 49, NULL),
(397, 'menu::update_menu', 49, NULL),
(398, 'menu::check_menu_data', 49, NULL),
(399, 'menu::delete_menu', 49, NULL),
(400, 'menu::create_tpl', 49, NULL),
(401, 'menu::get_pages', 49, NULL),
(402, 'menu::search_pages', 49, NULL),
(403, 'menu::get_item', 49, NULL),
(404, 'menu::display_tpl', 49, NULL),
(405, 'menu::fetch_tpl', 49, NULL),
(406, 'menu::translate_window', 49, NULL),
(407, 'menu::translate_item', 49, NULL),
(408, 'menu::_get_langs', 49, NULL),
(409, 'menu::render', 49, NULL),
(410, 'menu::change_hidden', 49, NULL),
(411, 'menu::get_children_items', 49, NULL),
(412, 'rss::__construct', 50, NULL),
(413, 'rss::index', 50, NULL),
(414, 'rss::render', 50, NULL),
(415, 'rss::settings_update', 50, NULL),
(416, 'rss::display_tpl', 50, NULL),
(417, 'rss::fetch_tpl', 50, NULL),
(418, 'sample_mail::__construct', 51, NULL),
(419, 'sample_mail::create', 51, NULL),
(420, 'sample_mail::edit', 51, NULL),
(421, 'sample_mail::render', 51, NULL),
(422, 'sample_mail::index', 51, NULL),
(423, 'sample_mail::delete', 51, NULL),
(424, 'sample_module::__construct', 52, NULL),
(425, 'sample_module::index', 52, NULL),
(426, 'share::__construct', 53, NULL),
(427, 'share::index', 53, NULL),
(428, 'share::update_settings', 53, NULL),
(429, 'share::get_settings', 53, NULL),
(430, 'share::render', 53, NULL),
(431, 'sitemap::__construct', 54, NULL),
(432, 'sitemap::index', 54, NULL),
(433, 'sitemap::_load_settings', 54, NULL),
(434, 'sitemap::update_settings', 54, NULL),
(435, 'sitemap::display_tpl', 54, NULL),
(436, 'sitemap::fetch_tpl', 54, NULL),
(437, 'sitemap::render', 54, NULL),
(438, 'social_servises::__construct', 55, NULL),
(439, 'social_servises::index', 55, NULL),
(440, 'social_servises::update_settings', 55, NULL),
(441, 'social_servises::get_fsettings', 55, NULL),
(442, 'social_servises::get_vsettings', 55, NULL),
(443, 'social_servises::_get_templates', 55, NULL),
(444, 'social_servises::render', 55, NULL),
(445, 'template_editor::index', 56, NULL),
(446, 'template_editor::render', 56, NULL),
(447, 'trash::__construct', 57, NULL),
(448, 'trash::index', 57, NULL),
(449, 'trash::create_trash', 57, NULL),
(450, 'trash::edit_trash', 57, NULL),
(451, 'trash::delete_trash', 57, NULL),
(452, 'user_manager::__construct', 58, NULL),
(453, 'user_manager::index', 58, NULL),
(454, 'user_manager::set_tpl_roles', 58, NULL),
(455, 'user_manager::getRolesTable', 58, NULL),
(456, 'user_manager::genre_user_table', 58, NULL),
(457, 'user_manager::auto_complit', 58, NULL),
(458, 'user_manager::create_user', 58, NULL),
(459, 'user_manager::actions', 58, NULL),
(460, 'user_manager::search', 58, NULL),
(461, 'user_manager::edit_user', 58, NULL),
(462, 'user_manager::update_user', 58, NULL),
(463, 'user_manager::groups_index', 58, NULL),
(464, 'user_manager::create', 58, NULL),
(465, 'user_manager::edit', 58, NULL),
(466, 'user_manager::save', 58, NULL),
(467, 'user_manager::delete', 58, NULL),
(468, 'user_manager::deleteAll', 58, NULL),
(469, 'user_manager::update_role_perms', 58, NULL),
(470, 'user_manager::show_edit_prems_tpl', 58, NULL),
(471, 'user_manager::get_permissions_table', 58, NULL),
(472, 'user_manager::get_group_names', 58, NULL),
(473, 'Widgets_manager::__construct', 59, NULL),
(474, 'Widgets_manager::index', 59, NULL),
(475, 'Widgets_manager::create', 59, NULL),
(476, 'Widgets_manager::create_tpl', 59, NULL),
(477, 'Widgets_manager::edit', 59, NULL),
(478, 'Widgets_manager::update_widget', 59, NULL),
(479, 'Widgets_manager::update_config', 59, NULL),
(480, 'Widgets_manager::delete', 59, NULL),
(481, 'Widgets_manager::get', 59, NULL),
(482, 'Widgets_manager::edit_html_widget', 59, NULL),
(483, 'Widgets_manager::edit_module_widget', 59, NULL),
(484, 'Widgets_manager::display_create_tpl', 59, NULL),
(485, 'ShopAdminProducts::get_images', 19, NULL),
(486, 'ShopAdminCategories::ajax_load_parent', 4, NULL),
(487, 'import_export::__construct', 60, NULL),
(488, 'import_export::index', 60, NULL),
(489, 'import_export::getImport', 60, NULL),
(490, 'import_export::getLangs', 60, NULL),
(491, 'import_export::getTpl', 60, NULL),
(492, 'import_export::getExport', 60, NULL),
(493, 'import_export::createFile', 60, NULL),
(494, 'import_export::downloadFile', 60, NULL),
(495, 'import_export::processErrors', 60, NULL),
(496, 'import_export::deleteArchive', 60, NULL),
(497, 'import_export::downloadZIP', 60, NULL),
(498, 'ShopAdminProducts::ajax_translit', 19, NULL),
(499, 'ShopAdminRbac::__construct', 22, NULL),
(500, 'Rbac::checkPermitions', 40, NULL),
(501, 'Rbac::groupEdit', 40, NULL),
(502, 'Rbac::groupList', 40, NULL),
(503, 'Rbac::roleCreate', 40, NULL),
(504, 'Rbac::groupCreate', 40, NULL),
(505, 'Rbac::groupDelete', 40, NULL),
(506, 'Rbac::translateRole', 40, NULL),
(507, 'Rbac::roleEdit', 40, NULL),
(508, 'Rbac::roleList', 40, NULL),
(509, 'Rbac::roleDelete', 40, NULL),
(510, 'Rbac::privilegeCreate', 40, NULL),
(511, 'Rbac::privilegeEdit', 40, NULL),
(512, 'Rbac::privilegeList', 40, NULL),
(513, 'Rbac::privilegeDelete', 40, NULL),
(514, 'Rbac::checkControlPanelAccess', 40, NULL),
(515, 'Rbac::deletePermition', 40, NULL),
(516, 'template_manager::__construct', 61, NULL),
(517, 'template_manager::index', 61, NULL),
(518, 'template_manager::installFullDemodata', 61, NULL),
(519, 'template_manager::registerJsVars', 61, NULL),
(520, 'template_manager::get_template_license', 61, NULL),
(521, 'template_manager::updateComponent', 61, NULL),
(522, 'template_manager::deleteTemplate', 61, NULL),
(523, 'template_manager::getRemoteTemplate', 61, NULL),
(524, 'banners::__construct', 62, NULL),
(525, 'banners::createGroup', 62, NULL),
(526, 'banners::delGroup', 62, NULL),
(527, 'banners::index', 62, NULL),
(528, 'banners::settings', 62, NULL),
(529, 'banners::chose_active', 62, NULL),
(530, 'banners::delete', 62, NULL),
(531, 'banners::create', 62, NULL),
(532, 'banners::edit', 62, NULL),
(533, 'banners::autosearch', 62, NULL),
(534, 'banners::save_positions', 62, NULL),
(535, 'mod_discount::__construct', 63, NULL),
(536, 'mod_discount::index', 63, NULL),
(537, 'mod_discount::create', 63, NULL),
(538, 'mod_discount::edit', 63, NULL),
(539, 'mod_discount::ajaxChangeActive', 63, NULL),
(540, 'mod_discount::ajaxDeleteDiscount', 63, NULL),
(541, 'mod_discount::generateDiscountKey', 63, NULL),
(542, 'mod_discount::autoCompliteUsers', 63, NULL),
(543, 'mod_discount::autoCompliteProducts', 63, NULL),
(544, 'mod_discount::saveQueryToSession', 63, NULL),
(545, 'cmsemail::__construct', 64, NULL),
(546, 'cmsemail::index', 64, NULL),
(547, 'cmsemail::create', 64, NULL),
(548, 'cmsemail::mailTest', 64, NULL),
(549, 'cmsemail::delete', 64, NULL),
(550, 'cmsemail::edit', 64, NULL),
(551, 'cmsemail::update_settings', 64, NULL),
(552, 'cmsemail::wraper_check', 64, NULL),
(553, 'cmsemail::deleteVariable', 64, NULL),
(554, 'cmsemail::updateVariable', 64, NULL),
(555, 'cmsemail::addVariable', 64, NULL),
(556, 'cmsemail::getTemplateVariables', 64, NULL),
(557, 'cmsemail::import_templates', 64, NULL),
(558, 'mod_seo::__construct', 65, NULL),
(559, 'mod_seo::index', 65, NULL),
(560, 'mod_seo::productsCategories', 65, NULL),
(561, 'mod_seo::productCategoryCreate', 65, NULL),
(562, 'mod_seo::productCategoryEdit', 65, NULL),
(563, 'mod_seo::categoryAutocomplete', 65, NULL),
(564, 'mod_seo::ajaxDeleteProductCategories', 65, NULL),
(565, 'mod_seo::ajaxChangeActiveCategory', 65, NULL),
(566, 'mod_seo::ajaxChangeEmptyMetaCategory', 65, NULL),
(567, 'exchange::__construct', 66, NULL),
(568, 'exchange::index', 66, NULL),
(569, 'exchange::update_settings', 66, NULL),
(570, 'exchange::startImagesResize', 66, NULL),
(571, 'exchange::setAdditionalCats', 66, NULL),
(572, 'exchange::clear', 66, NULL),
(573, 'exchange::log', 66, NULL),
(574, 'translator::__construct', 67, NULL),
(575, 'translator::setSettings', 67, NULL),
(576, 'translator::settings', 67, NULL),
(577, 'translator::index', 67, NULL),
(578, 'translator::search', 67, NULL),
(579, 'translator::parse', 67, NULL),
(580, 'translator::updateJsLangsFile', 67, NULL),
(581, 'translator::update', 67, NULL),
(582, 'translator::makeCorrectPoPaths', 67, NULL),
(583, 'translator::exchangeTranslation', 67, NULL),
(584, 'translator::renderModulePoFile', 67, NULL),
(585, 'translator::createFile', 67, NULL),
(586, 'translator::savePoArray', 67, NULL),
(587, 'translator::canselTranslation', 67, NULL),
(588, 'translator::getExistingLocales', 67, NULL),
(589, 'translator::renderModulesNames', 67, NULL),
(590, 'translator::renderTemplatesNames', 67, NULL),
(591, 'translator::translateWord', 67, NULL),
(592, 'translator::translate', 67, NULL),
(593, 'translator::getLangaugesNames', 67, NULL),
(594, 'translator::getLanguageByLocale', 67, NULL),
(595, 'translator::renderFile', 67, NULL),
(596, 'translator::saveEditingFile', 67, NULL),
(597, 'translator::getMainFilePaths', 67, NULL),
(598, 'translator::updateOne', 67, NULL),
(599, 'imagebox::__construct', 68, NULL),
(600, 'imagebox::index', 68, NULL),
(601, 'imagebox::main', 68, NULL),
(602, 'imagebox::upload', 68, NULL),
(603, 'imagebox::get_image_size', 68, NULL),
(604, 'imagebox::get_settings', 68, NULL),
(605, 'imagebox::save_settings', 68, NULL),
(606, 'star_rating::index', 69, NULL),
(607, 'star_rating::__construct', 69, NULL),
(608, 'star_rating::update_settings', 69, NULL),
(609, 'star_rating::render', 69, NULL),
(610, 'mobile::__construct', 70, NULL),
(611, 'mobile::get_settings', 70, NULL),
(612, 'mobile::index', 70, NULL),
(613, 'mobile::update', 70, NULL),
(614, 'mobile::_getMobileTemplatesList', 70, NULL),
(615, 'mod_stats::__construct', 71, NULL),
(616, 'mod_stats::index', 71, NULL),
(617, 'mod_stats::orders', 71, NULL),
(618, 'mod_stats::users', 71, NULL),
(619, 'mod_stats::products', 71, NULL),
(620, 'mod_stats::categories', 71, NULL),
(621, 'mod_stats::search', 71, NULL),
(622, 'mod_stats::adminAdd', 71, NULL),
(623, 'mod_stats::attendance_redirect', 71, NULL),
(624, 'mod_stats::runControllerAction', 71, NULL),
(625, 'mod_stats::import', 71, NULL),
(626, 'mod_stats::set_input', 71, NULL),
(627, 'wishlist::__construct', 72, NULL),
(628, 'wishlist::index', 72, NULL),
(629, 'wishlist::update_settings', 72, NULL),
(630, 'wishlist::settings', 72, NULL),
(631, 'wishlist::userWL', 72, NULL),
(632, 'wishlist::editWL', 72, NULL),
(633, 'wishlist::deleteWL', 72, NULL),
(634, 'wishlist::updateWL', 72, NULL),
(635, 'wishlist::userUpdate', 72, NULL),
(636, 'wishlist::createWishList', 72, NULL),
(637, 'wishlist::do_upload', 72, NULL),
(638, 'wishlist::renderPopup', 72, NULL),
(639, 'wishlist::deleteItem', 72, NULL),
(640, 'wishlist::moveItem', 72, NULL),
(641, 'wishlist::deleteImage', 72, NULL),
(642, 'wishlist::delete_user', 72, NULL),
(643, 'Sys_update::__construct', 73, NULL),
(644, 'Sys_update::index', 73, NULL),
(645, 'Sys_update::do_update', 73, NULL),
(646, 'Sys_update::update', 73, NULL),
(647, 'Sys_update::restore', 73, NULL),
(648, 'Sys_update::renderFile', 73, NULL),
(649, 'Sys_update::properties', 73, NULL),
(650, 'Sys_update::get_license', 73, NULL),
(651, 'Sys_update::backup', 73, NULL),
(652, 'Sys_update::sort', 73, NULL),
(653, 'Sys_update::delete_backup', 73, NULL),
(654, 'Sys_update::getQuerys', 73, NULL),
(655, 'Sys_update::Querys', 73, NULL),
(656, 'Sys_info::__construct', 74, NULL),
(657, 'Sys_info::index', 74, NULL),
(658, 'Sys_info::phpinfo', 74, NULL),
(659, 'Sys_info::mailTest', 74, NULL),
(660, 'ymarket::__construct', 75, NULL),
(661, 'ymarket::index', 75, NULL),
(662, 'ymarket::getSelectedCats', 75, NULL),
(663, 'ymarket::save', 75, NULL),
(664, 'module_frame::__construct', 76, NULL),
(665, 'module_frame::index', 76, NULL),
(666, 'hotline::index', 77, NULL),
(667, 'hotline::__construct', 77, NULL),
(668, 'hotline::update', 77, NULL),
(669, 'hotline::getSelectedCats', 77, NULL),
(670, 'hotline::getProperties', 77, NULL),
(671, 'hotline::setProperties', 77, NULL),
(672, 'cmsemail::settings', 64, NULL),
(673, 'mod_seo::save', 65, NULL),
(674, 'sitemap::priority_validation', 54, NULL),
(675, 'sitemap::settings', 54, NULL),
(676, 'sitemap::saveSiteMap', 54, NULL),
(677, 'sitemap::sitemapDownload', 54, NULL),
(678, 'sitemap::priorities', 54, NULL),
(679, 'sitemap::changefreq', 54, NULL),
(680, 'sitemap::blockedUrls', 54, NULL),
(681, 'sitemap::prepareUrls', 54, NULL),
(682, 'sitemap::robotsAdd', 54, NULL),
(683, 'sitemap::_viewSiteMap', 54, NULL),
(684, 'sample_module::updateSettings', 52, NULL),
(685, 'trash::create_trash_list', 57, NULL),
(686, 'ShopAdminOrders::ajaxGetProductVariants', 16, NULL),
(687, 'ShopAdminOrders::getImageName', 16, NULL),
(688, 'ShopAdminOrders::paginationVariant', 16, NULL),
(689, 'ShopAdminOrders::recountUserAmount', 16, NULL),
(690, 'ShopAdminOrders::recount_amount', 16, NULL),
(691, 'ShopAdminOrders::ajaxGetProductsList', 16, NULL),
(692, 'ShopAdminOrders::ajaxEditOrderCartNew', 16, NULL),
(693, 'ShopAdminOrders::recoutUserOrdersAmount', 16, NULL),
(694, 'ShopAdminOrders::getTotalRow', 16, NULL),
(695, 'ShopAdminOrders::ajaxGetProductsInCategory', 16, NULL),
(696, 'ShopAdminOrders::autoComplite', 16, NULL),
(697, 'ShopAdminOrders::createNewUser', 16, NULL),
(698, 'ShopAdminOrders::ajaxGetUserDiscount', 16, NULL),
(699, 'ShopAdminOrders::getPaymentsMethods', 16, NULL),
(700, 'ShopAdminOrders::checkGiftCert', 16, NULL),
(701, 'ShopAdminOrders::createCode', 16, NULL),
(702, 'ShopAdminOrders::getLastUserInfo', 16, NULL),
(703, 'ShopAdminOrders::createProducsInfoTable', 16, NULL),
(704, 'ShopAdminProducts::fastProdCreate', 19, NULL),
(705, 'ShopAdminCategories::createCatFast', 4, NULL),
(706, 'ShopAdminProperties::createPropFast', 21, NULL),
(707, 'trash::trash_list', 57, NULL),
(708, 'admin_menu::__construct', 78, NULL),
(709, 'admin_menu::index', 78, NULL),
(710, 'admin_menu::edit_menus', 78, NULL),
(711, 'admin_menu::edit_tariff_menus', 78, NULL),
(712, 'admin_menu::saveMenu', 78, NULL),
(713, 'admin_menu::saveTariffsMenus', 78, NULL),
(714, 'admin_menu::uploadTariffsMenus', 78, NULL),
(715, 'admin_menu::ajaxUpdateItemTitle', 78, NULL),
(716, 'admin_menu::ajaxGetNewMenuItem', 78, NULL),
(717 , 'ShopAdminSystem::downExpUsers', '25', NULL),
(718 , 'Settings::getSiteInfoDataJson', '41', NULL),
(719 , 'ShopAdminSettings::changeSortActive', '24', NULL),
(720 , 'ShopAdminSettings::checkGDLib', '24', NULL),
(721 , 'ShopAdminSettings::runResizeById', '24', NULL),
(722 , 'ShopAdminSettings::getAllProductsVariantsIds', '24', NULL),
(723 , 'ShopAdminSettings::getAllProductsIds', '24', NULL),
(724 , 'ShopAdminSettings::runResizeAllAdditionalJsone', '24', NULL),
(725 , 'Widgets_manager::update_html_widget', '59', NULL),
(726 , 'ShopAdminSystem::getCategoryProperties', '25', NULL),
(727 , 'Backup::file_actions', '31', NULL),
(728 , 'Backup::save_settings', '31', NULL),
(729 , 'ShopAdminSettings::runResizeAllJsone', '24', NULL),
(730 , 'ShopAdminSearch::per_page_cookie', '23', NULL),
(731 , 'ShopAdminSettings::setSorting', '24', NULL),
(732 , 'ShopAdminProducts::fastBrandCreate', 19, NULL),
(733 , 'ShopAdminProducts::fastCategoryCreate', 19, NULL);


-- --------------------------------------------------------

--
-- Структура таблицы `shop_rbac_privileges_i18n`
--

DROP TABLE IF EXISTS `shop_rbac_privileges_i18n`;
CREATE TABLE IF NOT EXISTS `shop_rbac_privileges_i18n` (
  `id` int(11) NOT NULL,
  `title` varchar(45) NOT NULL,
  `description` varchar(200) DEFAULT NULL,
  `locale` varchar(45) NOT NULL,
  KEY `id_idx` (`id`)
) ENGINE=MyISAM DEFAULT CHARSET=utf8;

--
-- Дамп данных таблицы `shop_rbac_privileges_i18n`
--

INSERT INTO `shop_rbac_privileges_i18n` (`id`, `title`, `description`, `locale`) VALUES
(473, 'Управление виджетами', 'Доступ к управлению виджетами', 'ru'),
(1, 'Список баннеров', 'Доступ к списку баннеров', 'ru'),
(2, 'Создание баннера', 'Доступ к созданию баннера', 'ru'),
(3, 'Редактирование баннера', 'Доступ к редактированию баннера', 'ru'),
(4, 'Удаление баннера', 'Доступ к удалению баннера', 'ru'),
(5, 'Перевод баннера', 'Доступ к переводу баннера', 'ru'),
(6, 'Активность баннера', 'Управление активностью баннера', 'ru'),
(7, 'Список брендов', 'Доступ к списку брендов', 'ru'),
(8, 'Создание бренда', 'Доступ к созданию бренда', 'ru'),
(9, 'Редактирование бренда', 'Доступ к редактированию бренда', 'ru'),
(10, 'Удаление бренда', 'Доступ к удалению бренда', 'ru'),
(11, 'Список брендов', 'Доступ к списку брендов', 'ru'),
(12, 'Перевод бренда', 'Доступ к переводу бренда', 'ru'),
(13, 'Список колбеков', 'Доступ к просмотру колбеков', 'ru'),
(14, 'Редактирование колбека', 'Доступ к редактированию колбеков', 'ru'),
(15, 'Статусы колбеков', 'Просмотр статусов колбеков', 'ru'),
(16, 'Создание статуса колбеков', 'Доступ к созданию статусов колбеков', 'ru'),
(17, 'Редактирование статуса колбека', 'Доступ к редактированию статуса колбека', 'ru'),
(18, 'Установка статуса колбека по-умолчанию', 'Доступ к установке статуса колбека по-умолчанию', 'ru'),
(19, 'Изменение статуса колбека', 'Доступ к изменению статуса колбека', 'ru'),
(20, 'Смена порядка статусов колбеков', 'Доступ к изменению порядка статусов колбеков', 'ru'),
(21, 'Изменение темы колбека', 'Доступ к изменению статуса колбека', 'ru'),
(22, 'Удаление колбека', 'Доступ к удалению колбека', 'ru'),
(23, 'Удаление статуса', 'Доступ к удалению статуса колбека', 'ru'),
(24, 'Просмотр тем колбеков', 'Доступ к просмотру тем колбеков', 'ru'),
(25, 'Создание тем колбеков', 'Доступ к созданию тем колбеков', 'ru'),
(26, 'Редактирование темы колбека', 'Доступ к редактированию темы колбека', 'ru'),
(27, 'Удаление темы колбека', 'Доступ к удалению темы колбека', 'ru'),
(28, 'Поиск колбеков', 'Доступ к поиску колбеков', 'ru'),
(29, 'Просмотр категорий магазина', 'Доступ к просмотру категорий магазина', 'ru'),
(30, 'Создание категории магазина', 'Доступ к созданию категории магазина', 'ru'),
(31, 'Редактирование категории магазина', 'Доступ к редактированию категории магазина', 'ru'),
(32, 'Удаление категории магазина', 'Доступ к удалению категории магазина', 'ru'),
(33, 'Просмотр списка категорий магазина', 'Доступ к просмотру списка категорий магазина', 'ru'),
(34, 'Изменение порядка категорий магазина', 'Доступ к изменению порядка категорий магазина', 'ru'),
(35, 'Транслитерация строки', 'Доступ к транслитерации строки', 'ru'),
(36, 'Перевод категории магазина', 'Доступ к переводу категории магазина', 'ru'),
(37, 'Смена активности категории магазина', 'Доступ к изменению активности категории магазина', 'ru'),
(38, 'Создание шаблона категории', 'Доступ к созданию шаблона категории магазина', 'ru'),
(39, 'Список доступных шаблонов для категорий магаз', 'Доступ к списку доступных шаблонов для категорий магазина', 'ru'),
(40, 'Просмотр статистики заказов', 'Доступ к просмотру статистики заказов', 'ru'),
(41, 'Фильтр заказов по дате', 'Доступ к фильтру заказов по дате', 'ru'),
(42, 'ShopAdminCharts::_createDatesDropDown', '', 'ru'),
(43, 'Просмотр списка накопительных скидок', 'Доступ к просмотру списка накопительных скидок', 'ru'),
(44, 'Создание накопительной скидки', 'Доступ к созданию накопительной скидки', 'ru'),
(45, 'Редактирование накопительной скидки', 'Доступ к редактированию накопительной скидки', 'ru'),
(46, 'Просмотр списка пользовательских скидок', 'Доступ к просмотру списка пользовательских скидок', 'ru'),
(47, 'Просмотр скидки пользователя', 'Доступ к просмотру скидки пользователя', 'ru'),
(48, 'Удаление всех скидок', 'Доступ к удалению всех скидок', 'ru'),
(49, 'Смена статуса скидки', 'Доступ к смене статуса скидки', 'ru'),
(50, 'Просмотр списка валют', 'Доступ к просмотру списка валют', 'ru'),
(51, 'Создание валюты', 'Доступ к созданию валюты', 'ru'),
(52, 'Редактирование валюты', 'Доступ к редактированию валюты', 'ru'),
(53, 'Установка валюты по-умолчанию', 'Доступ к установке валюты по-умолчанию', 'ru'),
(54, 'Установка главной валюты', 'Доступ к установке главной валюты', 'ru'),
(55, 'Удаление валюты', 'Доступ к удалению валюты', 'ru'),
(56, 'Пересчет цен', 'Доступ к пересчету цен', 'ru'),
(57, 'Проверка цен в базе данных', 'Доступ к проверке цен в базе данных и их исправление', 'ru'),
(58, 'Просмотр списка дополнительных полей для мага', 'Доступ к просмотру списка дополнительных полей магазина', 'ru'),
(59, 'Создание дополнительного поля для магазина', 'Доступ к созданию дополнительного поля для магазина', 'ru'),
(60, 'Редактирование дополнительного поля для магаз', 'Доступ к редактированию дополнительного поля для магазина', 'ru'),
(61, 'Удаление всех дополнительных полей для магази', 'Доступ к удалению всех дополнительных полей для магазина', 'ru'),
(62, 'Смена активности дополнительного поля для маг', 'Доступ к смене активности дополнительного поля для магазина', 'ru'),
(63, 'Смена приватности дополнительного полю', 'Доступ к изменению приватности дополнительного поля', 'ru'),
(64, 'Смена необходимости дополнительного поля для ', 'Доступ к изменению необходимости дополнительного поля для магазина', 'ru'),
(65, 'Просмотр дашборда админ панели магазина', 'Доступ к просмотру дашборда админ панели магазина', 'ru'),
(66, 'Просмотр списка способов доставки', 'Доступ к просмотру списка способов доставки', 'ru'),
(67, 'Создание способа доставки', 'Доступ к созданию способа доставки', 'ru'),
(68, 'Смена статуса способа доставки', 'Доступ к смене статуса способа доставки', 'ru'),
(69, 'Редактирование способа доставки', 'Доступ к редактированию способа доставки', 'ru'),
(70, 'Удаление способа доставки', 'Доступ к удалению способа доставки', 'ru'),
(71, 'ShopAdminDeliverymethods::c_list', '', 'ru'),
(72, 'Просмотр списка постоянных скидок', 'Доступ к просмотру списка постоянных скидок', 'ru'),
(73, 'Создание постоянной скидки', 'Доступ к созданию постоянной скидки', 'ru'),
(74, 'Смена статуса постоянной скидки', 'Доступ к смене статуса постоянной скидки', 'ru'),
(75, 'Редактирование постоянной скидки', 'Доступ к редактированию постоянной скидки', 'ru'),
(76, 'Удаление постоянной скидки', 'Доступ к удалению постоянной скидки', 'ru'),
(77, 'Просмотр списка подарочных сертификатов', 'Доступ к просмотру списка подарочных сертификатов', 'ru'),
(78, 'Создание подарочного сертификата', 'Доступ к созданию подарочного сертификата', 'ru'),
(79, 'Создание кода для подарочного сертификата', 'Доступ к соданию кода для подарочного сертификата', 'ru'),
(80, 'Удаление подарочного сертификата', 'Доступ к удалению подарочного сертификата', 'ru'),
(81, 'Редактирование подарочного сертификата', 'Доступ к редактированию подарочного сертификата', 'ru'),
(82, 'Смена активности подарочного сертификата', 'Доступ к смене активности подарочного сертификата', 'ru'),
(83, 'Настройки подарочных сертификатов', 'Доступ к настройкам подарочных сертификатов', 'ru'),
(84, 'Сохранение настроек подарочных сертификатов', 'Доступ к сохранению настроек подарочных сертификатов', 'ru'),
(85, 'Просмотр списка наборов товаров', 'Доступ к просмотру списка наборов товаров', 'ru'),
(86, 'Создание набора товаров', 'Доступ к созданию набора товаров', 'ru'),
(87, 'Редактирование набора товаров', 'Доступ к редактированию набора товаров', 'ru'),
(88, 'Смена порядка наборов товаров', 'Доступ к смене порядка наборо товаров', 'ru'),
(89, 'Смена активности набора товаров', 'Доступ к смене активности набора товаров', 'ru'),
(90, 'ShopAdminKits::kit_list', '', 'ru'),
(91, 'Удаление набора товаров', 'Доступ к удалению набора товаров', 'ru'),
(92, 'Получение списка товаров', 'Доступ к получению списка товаров', 'ru'),
(93, 'Просмотр списка уведовлений', 'Доступ к просмотру списка уведомлений', 'ru'),
(94, 'Редактирование уведомления', 'Доступ к редактированию уведомления', 'ru'),
(95, 'Смена статуса уведомления', 'Доступ к смене статуса уведомления', 'ru'),
(96, 'Уведомление по почте', 'Доступ к уведомлению по почте', 'ru'),
(97, 'Удаление уведомления', 'Доступ к удалению уведомления', 'ru'),
(98, 'Удаление уведомления', 'Доступ к удалению уведомления', 'ru'),
(99, 'Смена статуса уведомления', 'Доступ к смене статуса уведомления', 'ru'),
(100, 'Поиск уведомления', 'Доступ к поиску уведомления', 'ru'),
(101, 'Поиск новых событий', 'Доступ к поиску новых событий', 'ru'),
(102, 'Просмотр статусов уведомлений', 'Доступ к просмотру статусов уведомлений', 'ru'),
(103, 'Создание статуса уведомления', 'Доступ к созданию статуса уведомления', 'ru'),
(104, 'Редактирование статуса уведомления', 'Доступ к редактированию статуса увдеомления', 'ru'),
(105, 'Удаление статуса уведомления', 'Доступ к удалению статуса уведомления', 'ru'),
(106, 'Смена порядка статусов уведомлений', 'Доступ к смене порядка статусов уведомлений', 'ru'),
(107, 'Просмотр списка заказов', 'Доступ к просмотру списка заказов', 'ru'),
(108, 'Редактирование заказа', 'Доступ к редактированию заказа', 'ru'),
(109, 'Смена статуса заказа', 'Доступ к смене статуса заказа', 'ru'),
(110, 'Смена статуса оплаты заказа', 'Доступ к смене  статуса оплаты заказа', 'ru'),
(111, 'Удаление заказа', 'Доступ к удалению статуса заказа', 'ru'),
(112, 'Удаление статуса заказа', 'Доступ к удалению статуса заказа', 'ru'),
(113, 'Смена статусов заказов', 'Доступ к смене статусов заказов', 'ru'),
(114, 'Смена статуса оплаты заказов', 'Доступ к смене статусов оплаты заказов', 'ru'),
(115, 'Отображение окна редактирования', 'Доступ к окну редактирования', 'ru'),
(116, 'Окно редактирования набора товаров', 'Доступ к окну редактирования набора товаров', 'ru'),
(117, 'Окно добавления товара к заказу', 'Доступ к окну добавления товаров к заказу', 'ru'),
(118, 'Удаление товара из заказа', 'Доступ к удалению товара из заказа', 'ru'),
(119, 'Получение списка товаров', 'Доступ к получению списка товаров', 'ru'),
(120, 'Редактирование товара в заказе', 'Доступ к редактированию товара в заказе', 'ru'),
(121, 'Добавление товара к заказу', 'Доступ к добавлению товара к заказу', 'ru'),
(122, 'Получение списка товаров в заказе', 'Доступ к получению списка товаров в заказе', 'ru'),
(123, 'Поиск заказа', 'Доступ к поиску заказа', 'ru'),
(124, 'Создание чеков', 'Доступ созданию чека', 'ru'),
(125, 'Создание pdf чека', 'Доступ созданию pdf чека', 'ru'),
(126, 'Создание чека', 'Доступ к созданию чека', 'ru'),
(127, 'Создание заказа', 'Доступ к созданию заказа', 'ru'),
(128, 'Просмотр списка статусов заказов', 'Доступ к просмотру списка статусов заказов', 'ru'),
(129, 'Создание статуса заказа', 'Доступ к созданию статуса заказа', 'ru'),
(130, 'Редактирование статуса заказа', 'Доступ к редактированию статуса заказа', 'ru'),
(131, 'Удаление статуса заказа', 'Доступ к удалению статуса заказа', 'ru'),
(132, 'Отображение окна удаления', 'Доступ к отображению окна удаления', 'ru'),
(133, 'Смена порядка статусов заказов', 'Доступ к смене порядка статусов заказов', 'ru'),
(134, 'Просмотр списка методов оплаты', 'Доступ к просмотру списка методов оплаты', 'ru'),
(135, 'Создание метода оплаты', 'Доступ к созданию метода оплаты', 'ru'),
(136, 'Смена статуса способа оплаты', 'Доступ к смене статуса способа оплаты', 'ru'),
(137, 'Редактирование способа оплаты', 'Доступ к редактированию способа оплаты', 'ru'),
(138, 'Удаление способа оплаты', 'Доступ к удалению способа оплаты', 'ru'),
(139, 'Смена порядка способов оплаты', 'Доступ к смене порядка способов оплаты', 'ru'),
(140, 'Отображение настроек способа оплаты', 'Доступ к отображению настроек способа оплаты', 'ru'),
(141, 'ShopAdminProducts::index', '', 'ru'),
(142, 'Создание продукта', 'Доступ к созданию продукта', 'ru'),
(143, 'Редактирование товара', 'Доступ к редактированию товара', 'ru'),
(144, 'Сохранение дополнительных изображений', 'Доступ к сохренению дополнительных изображений', 'ru'),
(145, 'Удаление товара', 'Доступ к удалению товара', 'ru'),
(146, 'Обработка изображений', 'Доступ к обработке изображений', 'ru'),
(147, 'Удаление дополнительных изображений', 'Доступ к удалению дополнительных изображений', 'ru'),
(148, 'Смена активности товара', 'Доступ к смене активности товара', 'ru'),
(149, 'Смена пункта "Хит" для товара', 'Доступ к смене пункта "Хит" для товара', 'ru'),
(150, 'Смена пункта "Новинка" для товара', 'Доступ к смене пункта "Новинка" для товара', 'ru'),
(151, 'Смена пункта "Акция" для товара', 'Доступ к смене пункта "Акция" для товара', 'ru'),
(152, 'Обновление цены', 'Доступ к обновлению цены товара', 'ru'),
(153, 'Копирование товаров', 'Доступ к копированию товаров', 'ru'),
(154, 'Удаление товаров', 'Доступ к удалению товаров', 'ru'),
(155, 'Просмотр окна перемещения товаров', 'Доступ к окну перемещения товаров', 'ru'),
(156, 'Перемещение товаров', 'Доступ к перемещению товаров', 'ru'),
(157, 'Перевод товара', 'Доступ к переводу товара', 'ru'),
(158, 'Получение списка id товаров', 'Доступ к получению списка id товаров', 'ru'),
(159, 'Переключение товаров', 'Доступ к переключению товаров', 'ru'),
(160, 'Просмотр списка слежения', 'Доступ к просмотру списка слежения', 'ru'),
(161, 'Удаления слежения', 'Доступ к удалению слежения', 'ru'),
(162, 'Настройки слежения за товарами', 'Доступ к настройкам слежения за товаром', 'ru'),
(163, 'Просмотр списка свойств', 'Доступ к просмотру списка свойств', 'ru'),
(164, 'Создание свойства товара', 'Доступ к созданию свойства товара', 'ru'),
(165, 'Редактирование свойства товара', 'Доступ к редактированию свойства товара', 'ru'),
(166, 'ShopAdminProperties::renderForm', '', 'ru'),
(167, 'Смена порядка свойств', 'Доступ к смене порядка свойств', 'ru'),
(168, 'Удаление свойств', 'Доступ к удалению свойств', 'ru'),
(169, 'Смена активности свойства', 'Доступ к смене активности свойства', 'ru'),
(180, 'ShopAdminRbac::group_create', '', 'ru'),
(181, 'ShopAdminRbac::group_edit', '', 'ru'),
(182, 'ShopAdminRbac::group_list', '', 'ru'),
(183, 'ShopAdminRbac::group_delete', '', 'ru'),
(184, 'Просмотр списка товаров', 'Доступ к просмотру списка товаров', 'ru'),
(185, 'Смена порядка вариантов товаров', 'Доступ к смене порядка вариантов товаров', 'ru'),
(186, 'Автодополнение к поиску', 'Доступ к автодополнению к поиску', 'ru'),
(187, 'Продвинутый поиск', 'Доступ к продвинутому поиску', 'ru'),
(188, 'ShopAdminSearch::renderCustomFields', '', 'ru'),
(189, 'Свойства магазина', 'Доступ к свойствам магазина', 'ru'),
(190, 'Изменение свойств магазина', 'Доступ к изменению свойств магазина', 'ru'),
(191, 'Получение настроек для интеграции с фейсбуком', 'Доступ к настройкам интеграции с фейсбуком', 'ru'),
(192, 'Получение настроек интеграции с вк', 'Доступ к настройкам интеграции с вк', 'ru'),
(193, 'Получение списка шаблонов', 'Доступ к получению списка шаблонов', 'ru'),
(194, 'Загрузка настроек', 'Доступ к загрузке настроек', 'ru'),
(195, 'Запуск ресайза изображений', 'Доступ к запуску ресайза изображений', 'ru'),
(196, 'Импорт товаров', 'Доступ к импорту товаров', 'ru'),
(197, 'Экспорт товаров', 'Доступ к экспорту товаров', 'ru'),
(198, 'Получение атрибутов', 'Доступ к получению атрибутов', 'ru'),
(199, 'Экспорт пользователей', 'Доступ к экспорту пользователей', 'ru'),
(200, 'Просмотр списка пользователей', 'Доступ к просмотру списка пользователей', 'ru'),
(201, 'Поиск пользователей', 'Доступ к поиску пользователей', 'ru'),
(202, 'Создание пользователя', 'Доступ к созданию пользователя', 'ru'),
(203, 'Редактирование пользователя', 'Доступ к редактированию пользователя', 'ru'),
(204, 'Удаление пользователя', 'Доступ к удалению пользователя', 'ru'),
(205, 'Автодополнение списка пользователей', 'Достпу к автодополнению списка пользователей', 'ru'),
(206, 'Просмотр списка складов', 'Доступ к просмотру списка складов', 'ru'),
(207, 'Создание склада', 'Доступ к созданию склада', 'ru'),
(208, 'Редактирование склада', 'Доступ к редактированию склада', 'ru'),
(209, 'Удаление склада', 'Доступ к удалению склада', 'ru'),
(210, 'Доступ к админпанели', 'Доступ к админпанели', 'ru'),
(211, 'Инициализация настроек', 'Доступ к инициализации настроек', 'ru'),
(212, 'Просмотр дашборда базовой админки', 'Доступ к просмотру дашборда базовой админки', 'ru'),
(213, 'Просмотр информации о системе', 'Доступ к просмотру информации о системе', 'ru'),
(214, 'Очистка кеша', 'Доступ к очистке кеша', 'ru'),
(215, 'Инициализация elfinder', 'Доступ к инициализации elfinder', 'ru'),
(216, 'Получение защитного токена', 'Доступ к получению токена', 'ru'),
(217, 'Admin::sidebar_cats', '', 'ru'),
(218, 'Выход с админки', 'Доступ к выходу с админки', 'ru'),
(219, 'Сообщить о ошибке', 'Доступ к сообщению о ошибке', 'ru'),
(220, 'История событий', 'Доступ к истории событий', 'ru'),
(221, 'Просмотр истории событий', 'Доступ к просмотру истории событий', 'ru'),
(222, 'Поиск в базовой версии', 'Доступ к поиску в базовой версии', 'ru'),
(223, 'Admin_search::index', '', 'ru'),
(224, 'Продвинутый поиск в базовой версии', 'Доступ к продвинутому поиску в базовой версии', 'ru'),
(225, 'Произвести поиск в базовой версии', 'Произвести поиск в базовой версии', 'ru'),
(226, 'Валидация поиска в базовой версии', 'Доступ к валидации поиска в базовой версии', 'ru'),
(227, 'Admin_search::form_from_group', '', 'ru'),
(228, 'Фильтрация страниц', 'Доступ к фильтрации страниц', 'ru'),
(229, 'Автодополнение поиска', 'Доступ к автодополнению поиска', 'ru'),
(230, 'Управление бекапами', 'Доступ к управлению бекапами', 'ru'),
(231, 'Подготовка резервного копирования', 'Доступ к подготовке резервного копирования', 'ru'),
(232, 'Создание бекапа', 'Доступ к созданию бекапа', 'ru'),
(233, 'Закачка резервной копии', 'Доступ к созданию резервной копии', 'ru'),
(234, 'Управление кешем', 'Достпу к управлению кешем', 'ru'),
(235, 'Управление кешем', 'Доступ к управлению кешем', 'ru'),
(236, 'Управление категориями сайта', 'Доступ к управлению категориями сайта', 'ru'),
(237, 'Просмотр списка категорий сайта', 'Доступ к просмотру списка категорий сайта', 'ru'),
(238, 'Отображение формы создания категории', 'Доступ к отображению формы создания категории', 'ru'),
(239, 'Обноление категории', 'Доступ к обновлению категорий', 'ru'),
(240, 'Смена порядка категорий сайта', 'Доступ к смене порядка категорий сайта', 'ru'),
(241, 'Просмотр списка категорий сайта', 'Доступ к просмотру списка категорий сайта', 'ru'),
(242, 'Подкатегории', 'Доступ к подкатегориям', 'ru'),
(243, 'Создание категории сайта', 'Доступ к категории сайта', 'ru'),
(244, 'Обновление урлов', 'Доступ к обновлению урлов', 'ru'),
(245, 'Проверка сушествования категории сайта', 'Доступ к проверке сушествования категории сайта', 'ru'),
(246, 'Быстрое добавление категории', 'Доступ к быстрому добавлению категории', 'ru'),
(247, 'Быстрое обновление блока', 'Доступ к быстрому обновлению блока', 'ru'),
(248, 'Редактирование категорий сайта', 'Доступ к редактированию категории сайта', 'ru'),
(249, 'Перевод категории сайта', 'Доступ к переводу категории сайта', 'ru'),
(250, 'Удаление категории сайта', 'Доступ к удалению категории сайта', 'ru'),
(251, 'Получение подкатегорий', 'Доступ к получению подкатегорий', 'ru'),
(252, 'Получение статуса комментариев', 'Доступ к получению статусув комментариев', 'ru'),
(253, 'Доступ к компонентам', 'Доступ к компонентам', 'ru'),
(254, 'Управление компонентами системы', 'Доступ к управлению компонентами системы', 'ru'),
(255, 'Просмотр списка компонентов сайта', 'Доступ к просмотру списка компонентов сайта', 'ru'),
(256, 'Проверка установки компонента', 'Доступ к проверке установки компонента', 'ru'),
(257, 'Установка модуля', 'Доступ к установке модуля', 'ru'),
(258, 'Удаление модуля', 'Доступ к удалению модуля', 'ru'),
(259, 'Поиск компонентов', 'Доступ к поиску компонентов', 'ru'),
(260, 'Настройки модуля', 'Доступ к настройкам модуля', 'ru'),
(261, 'Сохранение настроек модулей', 'Доступ к сохранению настроек модулей', 'ru'),
(262, 'Переход к админчасти модуля', 'Доступ к админчасти модуля', 'ru'),
(263, 'Запук модулей', 'Доступ к запуску модулей', 'ru'),
(264, 'Запук методов модулей', 'Доступ к запуску методов модулей', 'ru'),
(265, 'Получение информации о компонентах', 'Доступ к получению информации о компонентах', 'ru'),
(266, 'Получение информации о модуле', 'Доступ к получению информации о модуле', 'ru'),
(267, 'Смена статуса автозагрузки модуля', 'Доступ к смене статуса автозагрузки модуля', 'ru'),
(268, 'Смена доступа по url к модулю', 'Смена доступа по url к модулю', 'ru'),
(269, 'Смена порядка компонентов в списке', 'Доступ к смене порядка компонентов в списке', 'ru'),
(270, 'Включение\\отключение отображения модуля в мен', 'Доступ к включению\\отключению отображения модуля в меню', 'ru'),
(271, 'Отображение дашборда админки', 'Доступ к отображению дашборда админки', 'ru'),
(272, 'Отображение дашборда админки', 'Доступ к отображению дашборда админки', 'ru'),
(273, 'Управление языками', 'Доступ к управлению языками', 'ru'),
(274, 'Просмотр списка языков', 'Достпу к просмотру списка языков', 'ru'),
(275, 'Отображение формы создания языка', 'Доступ к отображению формы создания языка', 'ru'),
(276, 'Создание языка', 'Доступ к созданию языка', 'ru'),
(277, 'Редактирование языка', 'Доступ к редактированию языка', 'ru'),
(278, 'Обновление языка', 'Доступ к обновлению языка', 'ru'),
(279, 'Удаление языка', 'Доступ к удалению языка', 'ru'),
(280, 'Установка языка по-умолчанию', 'Доступ к установке языка по-умолчанию', 'ru'),
(281, 'Вход в админ панель', 'Доступ к входу в админ панель', 'ru'),
(282, 'Вход в админ панель', 'Доступ к входу в админ панель', 'ru'),
(283, 'Проверка браузера пользователя', 'Доступ к проверке браузера пользователя', 'ru'),
(284, 'Вход', 'Вход', 'ru'),
(285, 'Восстановление пароля', 'Восстановление пароля', 'ru'),
(286, 'Обновление капчи', 'Доступ к обновлению капчи', 'ru'),
(287, 'Проверка капчи', 'Доступ к проверке капчи', 'ru'),
(288, 'Mod_search::__construct', '', 'ru'),
(289, 'Mod_search::index', '', 'ru'),
(290, 'Mod_search::category', '', 'ru'),
(291, 'Mod_search::display_install_window', '', 'ru'),
(292, 'Mod_search::connect_ftp', '', 'ru'),
(293, 'Управление страницами', 'Доступ к управлению страницами', 'ru'),
(294, 'Просмотр списка страниц', 'Доступ к просмотру списка страниц', 'ru'),
(295, 'Добавление страницы', 'Доступ к добавлению страницы', 'ru'),
(296, 'Pages::_set_page_roles', '', 'ru'),
(297, 'Редактирование страницы', 'Доступ к редактированию страницы', 'ru'),
(298, 'Обновление страницы', 'Доступ к редактированию страницы', 'ru'),
(299, 'Удаление страницы', 'Доступ к удалению страницы', 'ru'),
(300, 'Транслит слов', 'Доступ к транслиту слов', 'ru'),
(301, 'Смена порядка страниц', 'Доступ к смене порядка страниц', 'ru'),
(302, 'Удаление страниц', 'Доступ к удалению страниц', 'ru'),
(303, 'Перемещение страниц', 'Доступ к перемещению страниц', 'ru'),
(304, 'Отображение страницы перемещения', 'Доступ к отображению страницы перемещения', 'ru'),
(305, 'Теги', 'Теги', 'ru'),
(306, 'Создание ключевых слов', 'Доступ к созданию ключевых слов', 'ru'),
(307, 'Создание описания', 'Доступ к созданию описания', 'ru'),
(308, 'Смена статуса', 'Доступ к смене статуса', 'ru'),
(309, 'Фильтр страниц по категории', 'Доступ к фильтру страниц по категории', 'ru'),
(310, 'Управление доступом', 'Управление доступом', 'ru'),
(311, 'Настройки сайта', 'Доступ к настройкам сайта', 'ru'),
(312, 'Настройки сайта', 'Доступ к настройкам сайта', 'ru'),
(313, 'Settings::main_page', '', 'ru'),
(314, 'Список папок с шаблонами', 'Список папок с шаблонами', 'ru'),
(315, 'Сохранение настроек', 'Доступ к сохранению настроек сайта', 'ru'),
(316, 'Переключение языка в админке', 'Доступ к переключению языка в админке', 'ru'),
(317, 'Settings::save_main', '', 'ru'),
(318, 'Обновление системы', 'Доступ к обновлению системы', 'ru'),
(319, 'Обновление системы', 'Доступ к обновлению системы', 'ru'),
(320, 'Запуск обновления системы', 'Доступ к запуску обновления системы', 'ru'),
(321, 'Проверка статуса обновления системы', 'Доступ к проверке статуса обновления системы', 'ru'),
(322, 'Управление дополнительными полями', 'Доступ к управлению дополнительными полями', 'ru'),
(323, 'Настройки форм', 'Доступ к настройкам форм', 'ru'),
(324, 'Управление дополнительными полями', 'Доступ к управлению дополнительными полями', 'ru'),
(325, 'Создание дополнительного поля', 'Доступ к созданию дополнительного поля', 'ru'),
(326, 'Редактирование типа дополнительного поля', 'Доступ к редактированию типа дополнительного поля', 'ru'),
(327, 'Удаление дополнительного поля', 'Доступ к удалению дополнительного поля', 'ru'),
(328, 'Редактирование дополнительного поля', 'Доступ к редактированию дополнительного поля', 'ru'),
(329, 'Создание групы полей', 'Доступ к созданию групы полей', 'ru'),
(330, 'Редактирование групы полей', 'Доступ к редактированию групы полей', 'ru'),
(331, 'Удаление групы полей', 'Доступ к удалению групы полей', 'ru'),
(332, 'Заполнение дополнительных полей', 'Заполнение дополнительных полей', 'ru'),
(333, 'Получение атрибутов формы', 'Доступ к получению атрибутов формы', 'ru'),
(334, 'Сохранение важности', 'Доступ к сохранению важности', 'ru'),
(335, 'Отображение поля', 'Доступ к отображению поля', 'ru'),
(336, 'Получение адреса', 'Доступ к получению адреса', 'ru'),
(337, 'Получение формы', 'Доступ к форме', 'ru'),
(338, 'Управление комментариями', 'Доступ к управлению комментариями', 'ru'),
(339, 'Отображения списка комментариев', 'Доступ к отображению списка комментариев', 'ru'),
(340, 'Обработка подкомментариев', 'Доступ к обработке подкомментариев', 'ru'),
(341, 'comments::render', '', 'ru'),
(342, 'Редактирование комментария', 'Доступ к редактированию комментария', 'ru'),
(343, 'Обновление комментария', 'Доступ к обновлению комментария', 'ru'),
(344, 'Обновление статуса комментария', 'Доступ к обновлению статуса комментария', 'ru'),
(345, 'Удаление комментария', 'Доступ к удалению комментария', 'ru'),
(346, 'Множественное удаление комментариев', 'Доступ к множественному удалению комментариев', 'ru'),
(347, 'Отображение настроек модуля комментарии', 'Доступ к отображению настроек модуля комментарии', 'ru'),
(348, 'Обновление настроек комментариев', 'Доступ к обновлению настроек комментариев', 'ru'),
(349, 'Управление обратноей связью', 'Доступ к управлению обратной связью', 'ru'),
(350, 'Настройки модуля обратная связь', 'Доступ к настройкам модуля обратная связь', 'ru'),
(351, 'Получение настроек модуля обратная связь', 'Доступ к получению настроек модуля обратная связь', 'ru'),
(352, 'Управление галереей', 'Доступ к галерее', 'ru'),
(353, 'Список категорий галереи', 'Доступ к списку категорий галереи', 'ru'),
(354, 'Категория галереи', 'Доступ к категории галереи', 'ru'),
(355, 'Настройки галереи', 'Доступ к настройкам галереи', 'ru'),
(356, 'Создание альбома', 'Доступ к созданию альбома', 'ru'),
(357, 'Редактирование альбома', 'Доступ к редактированию альбома', 'ru'),
(358, 'Редактирование настроек альбома', 'Доступ к редактированию настроек альбома', 'ru'),
(359, 'Удаление альбома', 'Доступ к удалению альбома', 'ru'),
(360, 'Отображение формы содания альбома', 'Доступ к форме создания альбома', 'ru'),
(361, 'Редактирование альбома', 'Доступ к редактированию альбома', 'ru'),
(362, 'Редактирование изображения', 'Доступ к редактированию изображения', 'ru'),
(363, 'Переименование изображения', 'Доступ к переименованию изображения', 'ru'),
(364, 'Удаление изображения', 'Доступ к удалению изображения', 'ru'),
(365, 'Обновление информации', 'Доступ к обновлению информации', 'ru'),
(366, 'Смена порядка категорий', 'Доступ к смене порядка категорий', 'ru'),
(367, 'Смена порядка альбомов', 'Доступ к смене порядка альбомов', 'ru'),
(368, 'Смена порядка изображений', 'Доступ к смене порядка изображений', 'ru'),
(369, 'Отображение формы создания категории', 'Доступ к отображению формы создания категории', 'ru'),
(370, 'Создание категории', 'Доступ к созданию категории', 'ru'),
(371, 'Редактирование категории', 'Доступ к редактированию категории', 'ru'),
(372, 'Обновление категории', 'Доступ к обновлению категории', 'ru'),
(373, 'Удаление категории', 'Доступ к удалению категории', 'ru'),
(374, 'Загрузка изображений', 'Доступ к загрузке изображений', 'ru'),
(375, 'Загрузка архива', 'Доступ к загрузке архива', 'ru'),
(376, 'Управление модулем рассылки', 'Управление модулем рассылки', 'ru'),
(377, 'Отправка писем групам', 'Доступ к отправке писем групам', 'ru'),
(378, 'Отправка писем групам', 'Доступ к отправке писем групам', 'ru'),
(379, 'Отправка писем подписчикам', 'Доступк отправке писем подписчикам', 'ru'),
(380, 'Отправка писем подписчикам', 'Доступк отправке писем подписчикам', 'ru'),
(381, 'Отправка писем подписчикам', 'Доступк отправке писем подписчикам', 'ru'),
(382, 'Удаление подписчиков', 'Доступ к удалению подписчиков', 'ru'),
(383, 'Управление меню', 'Доступ к управлению меню', 'ru'),
(384, 'Список меню сайта', 'Доступ к списку меню сайта', 'ru'),
(385, 'Отображение меню', 'Доступ к отображению меню', 'ru'),
(386, 'menu::list_menu_items', '', 'ru'),
(387, 'Создание пункта меню', 'Доступ к созданию пункта меню', 'ru'),
(388, 'menu::display_selector', '', 'ru'),
(389, 'menu::get_name_by_id', '', 'ru'),
(390, 'Удаление пункта меню', 'Доступ к удалению пункта меню', 'ru'),
(391, 'Редактирование пункта меню', 'Доступ к редактированию пункта меню', 'ru'),
(392, 'menu::process_root', '', 'ru'),
(393, 'menu::insert_menu_item', '', 'ru'),
(394, 'Смена порядка меню', 'Доступ к смене порядка меню', 'ru'),
(395, 'Создание меню', 'Доступ к созданию меню', 'ru'),
(396, 'Редактирование меню', 'Доступ к редактированию меню', 'ru'),
(397, 'Обновление меню', 'Доступ к обновлению меню', 'ru'),
(398, 'Проверка данных меню', 'Доступ к проверке данных меню', 'ru'),
(399, 'Удаление меню', 'Доступ к удалению меню', 'ru'),
(400, 'Отображение формы создания меню', 'Доступ к отображению формы создания меню', 'ru'),
(401, 'Получение списка страниц', 'Доступ к получению списка страниц', 'ru'),
(402, 'Поиск страниц', 'Доступ к поиску страниц', 'ru'),
(403, 'menu::get_item', '', 'ru'),
(404, 'menu::display_tpl', '', 'ru'),
(405, 'menu::fetch_tpl', '', 'ru'),
(406, 'Отображение окна перевода пункта меню', 'Доступ к отображению окна перевода пункта меню', 'ru'),
(407, 'Перевод пункта меню', 'Доступ к переводу пункта меню', 'ru'),
(408, 'Получение списка языков', 'Доступ к получению списка языков', 'ru'),
(409, 'menu::render', '', 'ru'),
(410, 'Смена активности меню', 'Доступ к смене активности меню', 'ru'),
(411, 'Получение дочерних елементов', 'Доступ к получению дочерних елементов', 'ru'),
(412, 'Управление rss', 'Управление rss', 'ru'),
(413, 'Управление rss', 'Управление rss', 'ru'),
(414, 'rss::render', '', 'ru'),
(415, 'rss::settings_update', '', 'ru'),
(416, 'rss::display_tpl', '', 'ru'),
(417, 'rss::fetch_tpl', '', 'ru'),
(418, 'Управление шаблонами писем', 'Доступ к управлению шаблонами писем', 'ru'),
(419, 'Создание шаблона письма', 'Доступ к созданию шаблона письма', 'ru'),
(420, 'Редактирование шаблона письма', 'Доступ к редактированию шаблона письма', 'ru'),
(421, 'sample_mail::render', '', 'ru'),
(422, 'Список шаблонов писем', 'Доступ к списку шаблонов писем', 'ru'),
(423, 'Удаление шаблона письма', 'Доступ к удалению шаблона письма', 'ru'),
(424, 'sample_module::__construct', '', 'ru');
INSERT INTO `shop_rbac_privileges_i18n` (`id`, `title`, `description`, `locale`) VALUES
(425, 'sample_module::index', '', 'ru'),
(426, 'Управление кнопками соцсетей', 'Доступ к управлению кнопками соцсетей', 'ru'),
(427, 'Управление кнопками соцсетей', 'Доступ к управлению кнопками соцсетей', 'ru'),
(428, 'Обновление настроек модуля кнопок соцсетей', 'Доступ к обновлению настроек модуля кнопок соцсетей', 'ru'),
(429, 'Получение настроек модуля кнопок соцсетей', 'Доступ к настройкам модуля кнопок соцсетей', 'ru'),
(430, 'share::render', '', 'ru'),
(431, 'Управление картой сайта', 'Доступ к управлению картой сайта', 'ru'),
(432, 'Настройки карты сайта', 'Доступ к настройкам карты сайта', 'ru'),
(433, 'sitemap::_load_settings', '', 'ru'),
(434, 'Обновление настроек катры сайта', 'Доступ к обновлению настроек карты сайта', 'ru'),
(435, 'sitemap::display_tpl', '', 'ru'),
(436, 'sitemap::fetch_tpl', '', 'ru'),
(437, 'sitemap::render', '', 'ru'),
(438, 'Управление интеграцией с соцсетями', 'Доступ к управлению интеграцией с соцсетями', 'ru'),
(439, 'Настройки модуля интеграции с соцсетями', 'Достпу к настройкам модуля интеграции с соцсетями', 'ru'),
(440, 'Обновление настроек модуля', 'Доступ к обновлению настроек модуля', 'ru'),
(441, 'social_servises::get_fsettings', '', 'ru'),
(442, 'social_servises::get_vsettings', '', 'ru'),
(443, 'social_servises::_get_templates', '', 'ru'),
(444, 'social_servises::render', '', 'ru'),
(445, 'Редактор шаблонов', 'Доступ к редактору шаблонов', 'ru'),
(446, 'template_editor::render', '', 'ru'),
(447, 'Управление редиректами с удаленнных товаров', 'Управление редиректами с удаленнных товаров', 'ru'),
(448, 'Список редиректов', 'Доступ к списку редиректов', 'ru'),
(449, 'Создание редиректа', 'Доступ к созданию редиректа', 'ru'),
(450, 'Редактирование редиректа', 'Доступ к редактированию редиректа', 'ru'),
(451, 'Удаление редаректа', 'Доступ к удалению редиректа', 'ru'),
(452, 'Управление пользователями', 'Доступ к управлению пользователями', 'ru'),
(453, 'Список пользователей', 'Доступ к списку пользователей', 'ru'),
(454, 'user_manager::set_tpl_roles', '', 'ru'),
(455, 'user_manager::getRolesTable', '', 'ru'),
(456, 'Создание списка юзеров', 'Доступ к созданию списка юзеров', 'ru'),
(457, 'user_manager::auto_complit', '', 'ru'),
(458, 'Создание юзера', 'Доступ к созданию юзера', 'ru'),
(459, 'user_manager::actions', '', 'ru'),
(460, 'Поиск пользователей', 'Доступ к поиску пользователей', 'ru'),
(461, 'Редактирование юзера', 'Доступ к редактированию юзера', 'ru'),
(462, 'Обновление информации о пользователе', 'Доступ к обновлению информации о пользователе', 'ru'),
(463, 'user_manager::groups_index', '', 'ru'),
(464, 'user_manager::create', '', 'ru'),
(465, 'user_manager::edit', '', 'ru'),
(466, 'user_manager::save', '', 'ru'),
(467, 'user_manager::delete', '', 'ru'),
(468, 'Удаление пользователя', 'Доступ к удалению пользвателя', 'ru'),
(469, 'user_manager::update_role_perms', '', 'ru'),
(470, 'user_manager::show_edit_prems_tpl', '', 'ru'),
(471, 'user_manager::get_permissions_table', '', 'ru'),
(472, 'user_manager::get_group_names', '', 'ru'),
(474, 'Список виджетов', 'Доступ к списку виджетов', 'ru'),
(475, 'Создание виджета', 'Доступ к созданию виджета', 'ru'),
(476, 'Отображение формы создания виджета', 'Доступ к отображению формы создания виджета', 'ru'),
(477, 'Редактирование виджетов', 'Доступ к отображению формы создания виджета', 'ru'),
(478, 'Обновление виджета', 'Доступ к обновлению виджетов', 'ru'),
(479, 'Обновление настроек виджета', 'Доступ к обновлению настроек виджета', 'ru'),
(480, 'Удаление виджета', 'Доступ к удалению виджета', 'ru'),
(482, 'Редактирование html виджета', 'Доступ к редактированию html виджета', 'ru'),
(483, 'Редактирование модульного виджета', 'Доступ к редактированию модульного виджета', 'ru'),
(485, 'Поиск картинок', NULL, 'ru'),
(486, 'Доступ к списку подкатегорий', NULL, 'ru');

-- --------------------------------------------------------

--
-- Структура таблицы `shop_rbac_roles`
--

DROP TABLE IF EXISTS `shop_rbac_roles`;
CREATE TABLE IF NOT EXISTS `shop_rbac_roles` (
  `id` int(11) NOT NULL AUTO_INCREMENT,
  `name` varchar(255) NOT NULL,
  `importance` int(11) DEFAULT NULL,
  `description` varchar(255) DEFAULT NULL,
  PRIMARY KEY (`id`),
  UNIQUE KEY `unique_name` (`name`)
) ENGINE=MyISAM  DEFAULT CHARSET=utf8 AUTO_INCREMENT=7 ;

--
-- Дамп данных таблицы `shop_rbac_roles`
--

INSERT INTO `shop_rbac_roles` (`id`, `name`, `importance`, `description`) VALUES
(1, 'Administrator', 1, NULL);

-- --------------------------------------------------------

--
-- Структура таблицы `shop_rbac_roles_i18n`
--

DROP TABLE IF EXISTS `shop_rbac_roles_i18n`;
CREATE TABLE IF NOT EXISTS `shop_rbac_roles_i18n` (
  `id` int(11) NOT NULL,
  `alt_name` varchar(45) DEFAULT NULL,
  `locale` varchar(5) NOT NULL,
  `description` varchar(200) DEFAULT NULL,
  KEY `role_id_idx` (`id`)
) ENGINE=MyISAM DEFAULT CHARSET=utf8;

--
-- Дамп данных таблицы `shop_rbac_roles_i18n`
--

INSERT INTO `shop_rbac_roles_i18n` (`id`, `alt_name`, `locale`, `description`) VALUES
(1, 'Администратор', 'ru', 'Доступны все елементы управления админкой'),
(1, 'Адмiнiстратор', 'ukr', ''),
(1, 'Адмiнiстратор', 'ua', ''),
(1, 'Admin', 'en', 'Access to all controls');

-- --------------------------------------------------------

--
-- Структура таблицы `shop_rbac_roles_privileges`
--

DROP TABLE IF EXISTS `shop_rbac_roles_privileges`;
CREATE TABLE IF NOT EXISTS `shop_rbac_roles_privileges` (
  `id` int(11) NOT NULL AUTO_INCREMENT,
  `role_id` int(11) NOT NULL,
  `privilege_id` int(11) NOT NULL,
  PRIMARY KEY (`id`),
  UNIQUE KEY `rolepriv` (`role_id`,`privilege_id`),
  KEY `shop_rbac_roles_privileges_FK_2` (`privilege_id`)
) ENGINE=MyISAM  DEFAULT CHARSET=utf8 AUTO_INCREMENT=1773 ;

--
-- Дамп данных таблицы `shop_rbac_roles_privileges`
--

INSERT INTO `shop_rbac_roles_privileges` (`id`, `role_id`, `privilege_id`) VALUES
(1, 1, 1),
(2, 1, 2),
(3, 1, 3),
(4, 1, 4),
(5, 1, 5),
(6, 1, 6),
(7, 1, 7),
(8, 1, 8),
(9, 1, 9),
(10, 1, 10),
(11, 1, 11),
(12, 1, 12),
(13, 1, 13),
(14, 1, 14),
(15, 1, 15),
(16, 1, 16),
(17, 1, 17),
(18, 1, 18),
(19, 1, 19),
(20, 1, 20),
(21, 1, 21),
(22, 1, 22),
(23, 1, 23),
(24, 1, 24),
(25, 1, 25),
(26, 1, 26),
(27, 1, 27),
(28, 1, 28),
(29, 1, 29),
(30, 1, 30),
(31, 1, 31),
(32, 1, 32),
(33, 1, 33),
(34, 1, 34),
(35, 1, 35),
(36, 1, 36),
(37, 1, 37),
(38, 1, 38),
(39, 1, 39),
(40, 1, 40),
(41, 1, 41),
(42, 1, 42),
(43, 1, 43),
(44, 1, 44),
(45, 1, 45),
(46, 1, 46),
(47, 1, 47),
(48, 1, 48),
(49, 1, 49),
(50, 1, 50),
(51, 1, 51),
(52, 1, 52),
(53, 1, 53),
(54, 1, 54),
(55, 1, 55),
(56, 1, 56),
(57, 1, 57),
(58, 1, 58),
(59, 1, 59),
(60, 1, 60),
(61, 1, 61),
(62, 1, 62),
(63, 1, 63),
(64, 1, 64),
(65, 1, 65),
(66, 1, 66),
(67, 1, 67),
(68, 1, 68),
(69, 1, 69),
(70, 1, 70),
(71, 1, 71),
(72, 1, 72),
(73, 1, 73),
(74, 1, 74),
(75, 1, 75),
(76, 1, 76),
(77, 1, 77),
(78, 1, 78),
(79, 1, 79),
(80, 1, 80),
(81, 1, 81),
(82, 1, 82),
(83, 1, 83),
(84, 1, 84),
(85, 1, 85),
(86, 1, 86),
(87, 1, 87),
(88, 1, 88),
(89, 1, 89),
(90, 1, 90),
(91, 1, 91),
(92, 1, 92),
(93, 1, 93),
(94, 1, 94),
(95, 1, 95),
(96, 1, 96),
(97, 1, 97),
(98, 1, 98),
(99, 1, 99),
(100, 1, 100),
(101, 1, 101),
(102, 1, 102),
(103, 1, 103),
(104, 1, 104),
(105, 1, 105),
(106, 1, 106),
(107, 1, 107),
(108, 1, 108),
(109, 1, 109),
(110, 1, 110),
(111, 1, 111),
(112, 1, 112),
(113, 1, 113),
(114, 1, 114),
(115, 1, 115),
(116, 1, 116),
(117, 1, 117),
(118, 1, 118),
(119, 1, 119),
(120, 1, 120),
(121, 1, 121),
(122, 1, 122),
(123, 1, 123),
(124, 1, 124),
(125, 1, 125),
(126, 1, 126),
(127, 1, 127),
(128, 1, 128),
(129, 1, 129),
(130, 1, 130),
(131, 1, 131),
(132, 1, 132),
(133, 1, 133),
(134, 1, 134),
(135, 1, 135),
(136, 1, 136),
(137, 1, 137),
(138, 1, 138),
(139, 1, 139),
(140, 1, 140),
(141, 1, 141),
(142, 1, 142),
(143, 1, 143),
(144, 1, 144),
(145, 1, 145),
(146, 1, 146),
(147, 1, 147),
(148, 1, 148),
(149, 1, 149),
(150, 1, 150),
(151, 1, 151),
(152, 1, 152),
(153, 1, 153),
(154, 1, 154),
(155, 1, 155),
(156, 1, 156),
(157, 1, 157),
(158, 1, 158),
(159, 1, 159),
(160, 1, 160),
(161, 1, 161),
(162, 1, 162),
(163, 1, 163),
(164, 1, 164),
(165, 1, 165),
(166, 1, 166),
(167, 1, 167),
(168, 1, 168),
(169, 1, 169),
(184, 1, 184),
(185, 1, 185),
(186, 1, 186),
(187, 1, 187),
(188, 1, 188),
(189, 1, 189),
(190, 1, 190),
(191, 1, 191),
(192, 1, 192),
(193, 1, 193),
(194, 1, 194),
(195, 1, 195),
(196, 1, 196),
(197, 1, 197),
(198, 1, 198),
(199, 1, 199),
(200, 1, 200),
(201, 1, 201),
(202, 1, 202),
(203, 1, 203),
(204, 1, 204),
(205, 1, 205),
(206, 1, 206),
(207, 1, 207),
(208, 1, 208),
(209, 1, 209),
(210, 1, 210),
(211, 1, 211),
(212, 1, 212),
(213, 1, 213),
(214, 1, 214),
(215, 1, 215),
(216, 1, 216),
(217, 1, 217),
(218, 1, 218),
(219, 1, 219),
(220, 1, 220),
(221, 1, 221),
(222, 1, 222),
(223, 1, 223),
(224, 1, 224),
(225, 1, 225),
(226, 1, 226),
(227, 1, 227),
(228, 1, 228),
(229, 1, 229),
(230, 1, 230),
(231, 1, 231),
(232, 1, 232),
(233, 1, 233),
(234, 1, 234),
(235, 1, 235),
(236, 1, 236),
(237, 1, 237),
(238, 1, 238),
(239, 1, 239),
(240, 1, 240),
(241, 1, 241),
(242, 1, 242),
(243, 1, 243),
(244, 1, 244),
(245, 1, 245),
(246, 1, 246),
(247, 1, 247),
(248, 1, 248),
(249, 1, 249),
(250, 1, 250),
(251, 1, 251),
(252, 1, 252),
(253, 1, 253),
(254, 1, 254),
(255, 1, 255),
(256, 1, 256),
(257, 1, 257),
(258, 1, 258),
(259, 1, 259),
(260, 1, 260),
(261, 1, 261),
(262, 1, 262),
(263, 1, 263),
(264, 1, 264),
(265, 1, 265),
(266, 1, 266),
(267, 1, 267),
(268, 1, 268),
(269, 1, 269),
(270, 1, 270),
(271, 1, 271),
(272, 1, 272),
(273, 1, 273),
(274, 1, 274),
(275, 1, 275),
(276, 1, 276),
(277, 1, 277),
(278, 1, 278),
(279, 1, 279),
(280, 1, 280),
(281, 1, 281),
(282, 1, 282),
(283, 1, 283),
(284, 1, 284),
(285, 1, 285),
(286, 1, 286),
(287, 1, 287),
(293, 1, 293),
(294, 1, 294),
(295, 1, 295),
(296, 1, 296),
(297, 1, 297),
(298, 1, 298),
(299, 1, 299),
(300, 1, 300),
(301, 1, 301),
(302, 1, 302),
(303, 1, 303),
(304, 1, 304),
(305, 1, 305),
(306, 1, 306),
(307, 1, 307),
(308, 1, 308),
(309, 1, 309),
(310, 1, 310),
(311, 1, 311),
(312, 1, 312),
(313, 1, 313),
(314, 1, 314),
(315, 1, 315),
(316, 1, 316),
(317, 1, 317),
(322, 1, 322),
(323, 1, 323),
(324, 1, 324),
(325, 1, 325),
(326, 1, 326),
(327, 1, 327),
(328, 1, 328),
(329, 1, 329),
(330, 1, 330),
(331, 1, 331),
(332, 1, 332),
(333, 1, 333),
(334, 1, 334),
(335, 1, 335),
(336, 1, 336),
(337, 1, 337),
(338, 1, 338),
(339, 1, 339),
(340, 1, 340),
(341, 1, 341),
(342, 1, 342),
(343, 1, 343),
(344, 1, 344),
(345, 1, 345),
(346, 1, 346),
(347, 1, 347),
(348, 1, 348),
(349, 1, 349),
(350, 1, 350),
(351, 1, 351),
(352, 1, 352),
(353, 1, 353),
(354, 1, 354),
(355, 1, 355),
(356, 1, 356),
(357, 1, 357),
(358, 1, 358),
(359, 1, 359),
(360, 1, 360),
(361, 1, 361),
(362, 1, 362),
(363, 1, 363),
(364, 1, 364),
(365, 1, 365),
(366, 1, 366),
(367, 1, 367),
(368, 1, 368),
(369, 1, 369),
(370, 1, 370),
(371, 1, 371),
(372, 1, 372),
(373, 1, 373),
(374, 1, 374),
(375, 1, 375),
(376, 1, 376),
(377, 1, 377),
(378, 1, 378),
(379, 1, 379),
(380, 1, 380),
(381, 1, 381),
(382, 1, 382),
(383, 1, 383),
(384, 1, 384),
(385, 1, 385),
(386, 1, 386),
(387, 1, 387),
(388, 1, 388),
(389, 1, 389),
(390, 1, 390),
(391, 1, 391),
(392, 1, 392),
(393, 1, 393),
(394, 1, 394),
(395, 1, 395),
(396, 1, 396),
(397, 1, 397),
(398, 1, 398),
(399, 1, 399),
(400, 1, 400),
(401, 1, 401),
(402, 1, 402),
(403, 1, 403),
(404, 1, 404),
(405, 1, 405),
(406, 1, 406),
(407, 1, 407),
(408, 1, 408),
(409, 1, 409),
(410, 1, 410),
(411, 1, 411),
(412, 1, 412),
(413, 1, 413),
(414, 1, 414),
(415, 1, 415),
(416, 1, 416),
(417, 1, 417),
(418, 1, 418),
(419, 1, 419),
(420, 1, 420),
(421, 1, 421),
(422, 1, 422),
(423, 1, 423),
(426, 1, 426),
(427, 1, 427),
(428, 1, 428),
(429, 1, 429),
(430, 1, 430),
(431, 1, 431),
(432, 1, 432),
(433, 1, 433),
(434, 1, 434),
(435, 1, 435),
(436, 1, 436),
(437, 1, 437),
(438, 1, 438),
(439, 1, 439),
(440, 1, 440),
(441, 1, 441),
(442, 1, 442),
(443, 1, 443),
(444, 1, 444),
(445, 1, 445),
(446, 1, 446),
(447, 1, 447),
(448, 1, 448),
(449, 1, 449),
(450, 1, 450),
(451, 1, 451),
(452, 1, 452),
(453, 1, 453),
(454, 1, 454),
(455, 1, 455),
(456, 1, 456),
(457, 1, 457),
(458, 1, 458),
(459, 1, 459),
(460, 1, 460),
(461, 1, 461),
(462, 1, 462),
(463, 1, 463),
(464, 1, 464),
(465, 1, 465),
(466, 1, 466),
(467, 1, 467),
(468, 1, 468),
(469, 1, 469),
(470, 1, 470),
(471, 1, 471),
(472, 1, 472),
(473, 1, 473),
(474, 1, 474),
(475, 1, 475),
(476, 1, 476),
(477, 1, 477),
(478, 1, 478),
(479, 1, 479),
(480, 1, 480),
(482, 1, 482),
(483, 1, 483),
(485, 1, 485),
(486, 1, 486),
(612, 1, 424),
(613, 1, 425),
(2456, 1, 672),
(2455, 1, 684),
(2454, 1, 703),
(2453, 1, 702),
(2452, 1, 701),
(2451, 1, 700),
(2450, 1, 699),
(2449, 1, 698),
(2448, 1, 697),
(2447, 1, 696),
(2446, 1, 695),
(2445, 1, 694),
(2444, 1, 693),
(2443, 1, 692),
(2442, 1, 691),
(2441, 1, 690),
(2440, 1, 689),
(2439, 1, 688),
(2438, 1, 687),
(2437, 1, 686),
(2436, 1, 704),
(2435, 1, 705),
(2434, 1, 706),
(2457, 1, 707),
(2458, 1, 708),
(2459, 1, 709),
(2460, 1, 710),
(2461, 1, 711),
(2462, 1, 712),
(2463, 1, 713),
(2464, 1, 714),
(2465, 1, 715),
(2466, 1, 716),
(2432, 1, 683),
(2431, 1, 682),
(2430, 1, 681),
(2429, 1, 680),
(2428, 1, 679),
(2427, 1, 678),
(2426, 1, 677),
(2425, 1, 676),
(2424, 1, 675),
(2423, 1, 674),
(2422, 1, 673),
(2421, 1, 685),
(1581, 1, 500),
(1582, 1, 501),
(1583, 1, 502),
(1584, 1, 503),
(1585, 1, 504),
(1586, 1, 505),
(1587, 1, 506),
(1588, 1, 507),
(1589, 1, 508),
(1590, 1, 509),
(1591, 1, 510),
(1592, 1, 511),
(1593, 1, 512),
(1594, 1, 513),
(1595, 1, 514),
(1596, 1, 515),
(1602, 1, 656),
(1603, 1, 657),
(1604, 1, 658),
(1605, 1, 659),
(1606, 1, 481),
(1607, 1, 484),
(1608, 1, 643),
(1609, 1, 644),
(1610, 1, 645),
(1611, 1, 646),
(1612, 1, 647),
(1613, 1, 648),
(1614, 1, 649),
(1615, 1, 650),
(1616, 1, 651),
(1617, 1, 652),
(1618, 1, 653),
(1619, 1, 654),
(1620, 1, 655),
(1621, 1, 499),
(1622, 1, 498),
(1623, 1, 664),
(1624, 1, 665),
(1625, 1, 606),
(1626, 1, 607),
(1627, 1, 608),
(1628, 1, 609),
(1629, 1, 660),
(1630, 1, 661),
(1631, 1, 662),
(1632, 1, 663),
(1633, 1, 610),
(1634, 1, 611),
(1635, 1, 612),
(1636, 1, 613),
(1637, 1, 614),
(1638, 1, 666),
(1639, 1, 667),
(1640, 1, 668),
(1641, 1, 669),
(1642, 1, 670),
(1643, 1, 671),
(1644, 1, 567),
(1645, 1, 568),
(1646, 1, 569),
(1647, 1, 570),
(1648, 1, 571),
(1649, 1, 572),
(1650, 1, 573),
(1651, 1, 599),
(1652, 1, 600),
(1653, 1, 601),
(1654, 1, 602),
(1655, 1, 603),
(1656, 1, 604),
(1657, 1, 605),
(1658, 1, 516),
(1659, 1, 517),
(1660, 1, 518),
(1661, 1, 519),
(1662, 1, 520),
(1663, 1, 521),
(1664, 1, 522),
(1665, 1, 523),
(1666, 1, 558),
(1667, 1, 559),
(1668, 1, 560),
(1669, 1, 561),
(1670, 1, 562),
(1671, 1, 563),
(1672, 1, 564),
(1673, 1, 565),
(1674, 1, 566),
(1675, 1, 535),
(1676, 1, 536),
(1677, 1, 537),
(1678, 1, 538),
(1679, 1, 539),
(1680, 1, 540),
(1681, 1, 541),
(1682, 1, 542),
(1683, 1, 543),
(1684, 1, 544),
(1685, 1, 487),
(1686, 1, 488),
(1687, 1, 489),
(1688, 1, 490),
(1689, 1, 491),
(1690, 1, 492),
(1691, 1, 493),
(1692, 1, 494),
(1693, 1, 495),
(1694, 1, 496),
(1695, 1, 497),
(1696, 1, 524),
(1697, 1, 525),
(1698, 1, 526),
(1699, 1, 527),
(1700, 1, 528),
(1701, 1, 529),
(1702, 1, 530),
(1703, 1, 531),
(1704, 1, 532),
(1705, 1, 533),
(1706, 1, 534),
(1707, 1, 615),
(1708, 1, 616),
(1709, 1, 617),
(1710, 1, 618),
(1711, 1, 619),
(1712, 1, 620),
(1713, 1, 621),
(1714, 1, 622),
(1715, 1, 623),
(1716, 1, 624),
(1717, 1, 625),
(1718, 1, 626),
(1719, 1, 545),
(1720, 1, 546),
(1721, 1, 547),
(1722, 1, 548),
(1723, 1, 549),
(1724, 1, 550),
(1725, 1, 551),
(1726, 1, 552),
(1727, 1, 553),
(1728, 1, 554),
(1729, 1, 555),
(1730, 1, 556),
(1731, 1, 557),
(1732, 1, 627),
(1733, 1, 628),
(1734, 1, 629),
(1735, 1, 630),
(1736, 1, 631),
(1737, 1, 632),
(1738, 1, 633),
(1739, 1, 634),
(1740, 1, 635),
(1741, 1, 636),
(1742, 1, 637),
(1743, 1, 638),
(1744, 1, 639),
(1745, 1, 640),
(1746, 1, 641),
(1747, 1, 642),
(1748, 1, 574),
(1749, 1, 575),
(1750, 1, 576),
(1751, 1, 577),
(1752, 1, 578),
(1753, 1, 579),
(1754, 1, 580),
(1755, 1, 581),
(1756, 1, 582),
(1757, 1, 583),
(1758, 1, 584),
(1759, 1, 585),
(1760, 1, 586),
(1761, 1, 587),
(1762, 1, 588),
(1763, 1, 589),
(1764, 1, 590),
(1765, 1, 591),
(1766, 1, 592),
(1767, 1, 593),
(1768, 1, 594),
(1769, 1, 595),
(1770, 1, 596),
(1771, 1, 597),
(1772, 1, 598),
(3160, 1, 717),
(3171, 1, 726),
(3172, 1, 719),
(3173, 1, 720),
(3174, 1, 721),
(3175, 1, 722),
(3176, 1, 723),
(3177, 1, 724),
(3178, 1, 718),
(3179, 1, 725),
(3182, 1, 727),
(3183, 1, 728),
(3184, 1, 729),
(3185, 1, 730),
(3186, 1, 731),
(3187, 1, 732),
(3188, 1, 733);

-- --------------------------------------------------------

--
-- Table structure for table `support_comments`
--

DROP TABLE IF EXISTS `support_comments`;
CREATE TABLE IF NOT EXISTS `support_comments` (
  `id` int(11) NOT NULL AUTO_INCREMENT,
  `ticket_id` int(11) NOT NULL,
  `user_id` int(11) NOT NULL,
  `user_status` int(11) NOT NULL,
  `user_name` varchar(100) NOT NULL,
  `text` varchar(500) NOT NULL,
  `date` int(11) NOT NULL,
  UNIQUE KEY `id` (`id`)
) ENGINE=MyISAM  DEFAULT CHARSET=utf8 AUTO_INCREMENT=2 ;

--
-- Dumping data for table `support_comments`
--

INSERT INTO `support_comments` (`id`, `ticket_id`, `user_id`, `user_status`, `user_name`, `text`, `date`) VALUES
(1, 1, 85, 0, 'user', 'фыв фыв фывфыв', 1291726309);

-- --------------------------------------------------------

--
-- Table structure for table `support_departments`
--

DROP TABLE IF EXISTS `support_departments`;
CREATE TABLE IF NOT EXISTS `support_departments` (
  `id` int(11) NOT NULL AUTO_INCREMENT,
  `name` varchar(45) DEFAULT NULL,
  PRIMARY KEY (`id`)
) ENGINE=MyISAM  DEFAULT CHARSET=utf8 AUTO_INCREMENT=2 ;

--
-- Dumping data for table `support_departments`
--

INSERT INTO `support_departments` (`id`, `name`) VALUES
(1, 'Техническая поддержка');

-- --------------------------------------------------------

--
-- Table structure for table `support_tickets`
--

DROP TABLE IF EXISTS `support_tickets`;
CREATE TABLE IF NOT EXISTS `support_tickets` (
  `id` int(11) NOT NULL AUTO_INCREMENT,
  `user_id` int(11) DEFAULT NULL,
  `last_comment_author` varchar(50) NOT NULL,
  `text` text,
  `theme` varchar(100) NOT NULL,
  `department` int(11) NOT NULL,
  `status` smallint(1) DEFAULT NULL,
  `priority` varchar(15) DEFAULT NULL,
  `date` int(11) DEFAULT NULL,
  `updated` int(11) NOT NULL,
  PRIMARY KEY (`id`)
) ENGINE=MyISAM  DEFAULT CHARSET=utf8 AUTO_INCREMENT=2 ;

--
-- Dumping data for table `support_tickets`
--

INSERT INTO `support_tickets` (`id`, `user_id`, `last_comment_author`, `text`, `theme`, `department`, `status`, `priority`, `date`, `updated`) VALUES
(1, 85, 'user', 'фыв фыв фыв фыв ', 'Возникла неполадка', 1, 0, '0', 1291726286, 1291726309);

-- --------------------------------------------------------

--
-- Table structure for table `tags`
--

DROP TABLE IF EXISTS `tags`;
CREATE TABLE IF NOT EXISTS `tags` (
  `id` int(11) NOT NULL AUTO_INCREMENT,
  `value` varchar(255) NOT NULL,
  PRIMARY KEY (`id`),
  KEY `value` (`value`)
) ENGINE=MyISAM  DEFAULT CHARSET=utf8 AUTO_INCREMENT=30 ;

--
-- Dumping data for table `tags`
--

INSERT INTO `tags` (`id`, `value`) VALUES
(25, 'робот'),
(26, 'кухонный робот'),
(27, 'достижения'),
(28, 'диагностика'),
(29, 'инновации');

-- --------------------------------------------------------

--
-- Table structure for table `users`
--

DROP TABLE IF EXISTS `users`;
CREATE TABLE IF NOT EXISTS `users` (
  `id` int(11) NOT NULL AUTO_INCREMENT,
  `role_id` int(11) DEFAULT NULL,
  `username` varchar(50) DEFAULT NULL,
  `password` varchar(255) DEFAULT NULL,
  `email` varchar(100) DEFAULT NULL,
  `banned` tinyint(1) DEFAULT NULL,
  `ban_reason` varchar(255) DEFAULT NULL,
  `newpass` varchar(255) DEFAULT NULL,
  `newpass_key` varchar(255) DEFAULT NULL,
  `newpass_time` int(11) DEFAULT NULL,
  `last_ip` varchar(40) DEFAULT NULL,
  `last_login` int(11) DEFAULT NULL,
  `created` int(11) DEFAULT NULL,
  `modified` datetime DEFAULT NULL,
  `address` varchar(255) DEFAULT NULL,
  `cart_data` text,
  `wish_list_data` text,
  `key` varchar(255) NOT NULL,
  `amout` float(10,2) NOT NULL,
  `discount` varchar(255) DEFAULT NULL,
  `phone` varchar(32) DEFAULT NULL,
  PRIMARY KEY (`id`),
  KEY `role_id` (`role_id`),
  KEY `users_I_1` (`key`)
) ENGINE=MyISAM  DEFAULT CHARSET=utf8 AUTO_INCREMENT=53 ;

-- --------------------------------------------------------

--
-- Table structure for table `user_autologin`
--

DROP TABLE IF EXISTS `user_autologin`;
CREATE TABLE IF NOT EXISTS `user_autologin` (
  `key_id` char(32) CHARACTER SET utf8 COLLATE utf8_bin NOT NULL,
  `user_id` mediumint(8) NOT NULL DEFAULT '0',
  `user_agent` varchar(150) CHARACTER SET utf8 COLLATE utf8_bin NOT NULL,
  `last_ip` varchar(40) CHARACTER SET utf8 COLLATE utf8_bin NOT NULL,
  `last_login` timestamp NOT NULL DEFAULT CURRENT_TIMESTAMP ON UPDATE CURRENT_TIMESTAMP,
  PRIMARY KEY (`key_id`,`user_id`),
  KEY `last_ip` (`last_ip`)
) ENGINE=MyISAM DEFAULT CHARSET=utf8 ROW_FORMAT=DYNAMIC;

-- --------------------------------------------------------

--
-- Table structure for table `user_temp`
--

DROP TABLE IF EXISTS `user_temp`;
CREATE TABLE IF NOT EXISTS `user_temp` (
  `id` int(11) NOT NULL AUTO_INCREMENT,
  `username` varchar(255) NOT NULL,
  `password` varchar(255) NOT NULL,
  `email` varchar(100) NOT NULL,
  `activation_key` varchar(50) NOT NULL,
  `last_ip` varchar(40) NOT NULL,
  `created` timestamp NOT NULL DEFAULT CURRENT_TIMESTAMP ON UPDATE CURRENT_TIMESTAMP,
  PRIMARY KEY (`id`)
) ENGINE=MyISAM DEFAULT CHARSET=utf8 ROW_FORMAT=DYNAMIC AUTO_INCREMENT=1 ;

-- --------------------------------------------------------

--
-- Table structure for table `widgets`
--

DROP TABLE IF EXISTS `widgets`;
CREATE TABLE IF NOT EXISTS `widgets` (
  `id` int(11) NOT NULL AUTO_INCREMENT,
  `name` varchar(50) NOT NULL,
  `type` varchar(15) NOT NULL,
  `data` text NOT NULL,
  `method` varchar(50) NOT NULL,
  `settings` text NOT NULL,
  `description` varchar(300) NOT NULL,
  `roles` text NOT NULL,
  `created` int(11) NOT NULL,
  PRIMARY KEY (`id`),
  KEY `name` (`name`)
) ENGINE=MyISAM  DEFAULT CHARSET=utf8 AUTO_INCREMENT=19 ;

--
-- Dumping data for table `widgets`
--

INSERT INTO `widgets` (`id`, `name`, `type`, `data`, `method`, `settings`, `description`, `roles`, `created`) VALUES
(8, 'comments', 'module', 'comments', 'recent_comments', 'a:2:{s:14:"comments_count";s:1:"3";s:13:"symbols_count";s:2:"70";}', '', '', 1291642223),
(9, 'tags', 'module', 'tags', 'tags_cloud', '', '', '', 1291642240),
(3, 'path', 'module', 'navigation', 'widget_navigation', '', '', '', 1291381939),
(4, 'news', 'module', 'core', 'recent_news', 'a:4:{s:10:"news_count";s:1:"3";s:11:"max_symdols";s:1:"0";s:10:"categories";a:1:{i:0;s:2:"57";}s:7:"display";s:6:"recent";}', '', '', 1291387530),
(5, 'blog', 'module', 'core', 'recent_news', 'a:4:{s:10:"news_count";s:1:"3";s:11:"max_symdols";s:1:"0";s:10:"categories";a:3:{i:0;s:2:"59";i:1;s:2:"60";i:2;s:2:"61";}s:7:"display";s:6:"recent";}', '', '', 1291387932),
(6, 'products', 'module', 'core', 'recent_news', 'a:4:{s:10:"news_count";s:1:"5";s:11:"max_symdols";s:1:"0";s:10:"categories";a:1:{i:0;s:2:"55";}s:7:"display";s:6:"recent";}', '', '', 1291630787),
(7, 'offers', 'module', 'core', 'recent_news', 'a:4:{s:10:"news_count";s:1:"3";s:11:"max_symdols";s:1:"0";s:10:"categories";a:1:{i:0;s:2:"56";}s:7:"display";s:6:"recent";}', '', '', 1291630796),
(10, 'contacts', 'html', '<p>Адрес: Федерация Орион, 12.23.22.22.2233.3</p>\n<p>Телефон: 0 800 345-56-12</p>', '', '', '', '', 1291646375),
(11, 'product_all', 'module', 'core', 'recent_news', 'a:4:{s:10:"news_count";s:5:"10000";s:11:"max_symdols";s:3:"150";s:10:"categories";a:1:{i:0;s:2:"55";}s:7:"display";s:6:"recent";}', '', '', 1291648944),
(12, 'offers_all', 'module', 'core', 'recent_news', 'a:4:{s:10:"news_count";s:3:"100";s:11:"max_symdols";s:3:"150";s:10:"categories";a:1:{i:0;s:2:"56";}s:7:"display";s:6:"recent";}', '', '', 1291649245),
(13, 'works', 'module', 'core', 'recent_news', 'a:4:{s:10:"news_count";s:3:"100";s:11:"max_symdols";s:3:"150";s:10:"categories";a:1:{i:0;s:2:"58";}s:7:"display";s:6:"recent";}', '', '', 1291657789),
(14, 'rand_images', 'module', 'gallery', 'latest_fotos', 'a:2:{s:5:"limit";s:1:"3";s:5:"order";s:6:"random";}', '', '', 1291658084),
(15, 'benefits', 'html', '', '', '', 'benefits', '', 1388066812),
(16, 'works_all', 'module', 'core', 'recent_news', 'a:4:{s:10:"news_count";s:4:"1000";s:11:"max_symdols";s:3:"150";s:10:"categories";a:1:{i:0;s:2:"58";}s:7:"display";s:6:"recent";}', 'works_all', '', 1388066954),
(17, 'header', 'html', '', '', '', 'header', '', 1388066997),
(18, 'footer', 'html', '', '', '', 'footer', '', 1388067026);

-- --------------------------------------------------------

--
-- Table structure for table `widget_i18n`
--

DROP TABLE IF EXISTS `widget_i18n`;
CREATE TABLE IF NOT EXISTS `widget_i18n` (
  `id` int(11) NOT NULL,
  `locale` varchar(11) NOT NULL,
  `title` varchar(500) DEFAULT NULL,
  `data` text NOT NULL,
  PRIMARY KEY (`id`,`locale`),
  KEY `locale` (`locale`)
) ENGINE=InnoDB DEFAULT CHARSET=utf8;

--
-- Dumping data for table `widget_i18n`
--

INSERT INTO `widget_i18n` (`id`, `locale`, `data`) VALUES
(10, 'ru', '<p>Адрес: Федерация Орион, 12.23.22.22.2233.3</p>\n<p>Телефон: 0 800 345-56-12</p>'),
(15, 'ru', '<div class="frame-benefits">\n<div class="container">\n<ul class="items items-benefits">\n<li class="d_i-b">\n<div class="photo-block"><span class="helper">&nbsp;</span><img src="/uploads/images/benefits/benef1.jpg" alt="Предоставление сервиса" /></div>\n<h3>Предоставление сервиса</h3>\n<p>Если вы приобрели робота у нас, но срок гарантии вышел, мы предоставим сервис высшего уровня за некоторое маленькое вознаграждение.</p>\n</li>\n<li class="d_i-b">\n<div class="photo-block"><span class="helper">&nbsp;</span><img src="/uploads/images/benefits/benef2.jpg" alt="Нано технология" /></div>\n<h3>Нано технология</h3>\n<p>Диагностика проблемы и ремонт роботов проходит под средством нано техники от Image Robotics. Ее нельзя приобрети на свободном рынке, такие возможности есть только у нас.</p>\n</li>\n<li class="d_i-b">\n<div class="photo-block"><span class="helper">&nbsp;</span><img src="/uploads/images/benefits/benef3.jpg" alt="Предоставление сервиса" /></div>\n<h3>Диагностика</h3>\n<p>Диагностика любой проблемы занимает несколько секунд, а ремонт составляет не более десяти минут с момента обнаружения проблемы. Если на складе есть ресурсы.</p>\n</li>\n</ul>\n</div>\n</div>'),
(17, 'ru', '<div class="d_i-b phones-header"><span>8 800 <span class="f-w_b">772-22-22</span></span>\n<p class="phones-info">бесплатно по Украине</p>\n</div>\n<div class="d_i-b phones-header phones-header-last"><span>097 <span class="f-w_b">772-22-22</span></span>\n<p class="phones-info">Мобильный телефон</p>\n</div>'),
(18, 'ru', '<p>&copy; 2014 Image Robotics - лидер в производстве роботов</p>\n<p>Powered by <a href="http://www.imagecms.net/free-cms-corporate">ImageCMS Corporate</a></p>');

--
-- Структура таблиці `template_settings`
--

DROP TABLE IF EXISTS `template_settings`;
CREATE TABLE IF NOT EXISTS `template_settings` (
`id` int(11) NOT NULL,
  `component` varchar(255) NOT NULL,
  `key` text,
  `data` text
) ENGINE=MyISAM DEFAULT CHARSET=utf8 AUTO_INCREMENT=1 ;


DROP TABLE IF EXISTS `mod_sitemap_blocked_urls`;
CREATE TABLE IF NOT EXISTS `mod_sitemap_blocked_urls` (
  `id` int(11) NOT NULL AUTO_INCREMENT,
  `url` varchar(255) NOT NULL,
  `robots_check` int(11) DEFAULT '0',
  PRIMARY KEY (`id`)
) ENGINE=InnoDB DEFAULT CHARSET=utf8 AUTO_INCREMENT=1 ;

-- --------------------------------------------------------

--
-- Структура таблицы `mod_sitemap_changefreq`
--

DROP TABLE IF EXISTS `mod_sitemap_changefreq`;
CREATE TABLE IF NOT EXISTS `mod_sitemap_changefreq` (
  `id` int(11) NOT NULL AUTO_INCREMENT,
  `main_page_changefreq` varchar(255) DEFAULT NULL,
  `pages_changefreq` varchar(255) DEFAULT NULL,
  `product_changefreq` varchar(255) DEFAULT NULL,
  `categories_changefreq` varchar(255) DEFAULT NULL,
  `products_categories_changefreq` varchar(255) DEFAULT NULL,
  `products_sub_categories_changefreq` varchar(255) DEFAULT NULL,
  `brands_changefreq` varchar(255) DEFAULT NULL,
  `sub_categories_changefreq` varchar(255) DEFAULT NULL,
  PRIMARY KEY (`id`)
) ENGINE=InnoDB  DEFAULT CHARSET=utf8 AUTO_INCREMENT=2 ;

--
-- Дамп данных таблицы `mod_sitemap_changefreq`
--

INSERT INTO `mod_sitemap_changefreq` (`id`, `main_page_changefreq`, `pages_changefreq`, `product_changefreq`, `categories_changefreq`, `products_categories_changefreq`, `products_sub_categories_changefreq`, `brands_changefreq`, `sub_categories_changefreq`) VALUES
(1, 'weekly', 'weekly', 'weekly', 'weekly', 'weekly', 'weekly', 'weekly', 'weekly');

-- --------------------------------------------------------

--
-- Структура таблицы `mod_sitemap_priorities`
--

DROP TABLE IF EXISTS `mod_sitemap_priorities`;
CREATE TABLE IF NOT EXISTS `mod_sitemap_priorities` (
  `id` int(11) NOT NULL AUTO_INCREMENT,
  `main_page_priority` float DEFAULT '1',
  `cats_priority` float DEFAULT '1',
  `pages_priority` float DEFAULT '1',
  `sub_cats_priority` float DEFAULT '1',
  `products_priority` float DEFAULT '1',
  `products_categories_priority` float DEFAULT '1',
  `products_sub_categories_priority` float DEFAULT '1',
  `brands_priority` float DEFAULT '1',
  PRIMARY KEY (`id`)
) ENGINE=InnoDB  DEFAULT CHARSET=utf8 AUTO_INCREMENT=2 ;

--
-- Дамп данных таблицы `mod_sitemap_priorities`
--

INSERT INTO `mod_sitemap_priorities` (`id`, `main_page_priority`, `cats_priority`, `pages_priority`, `sub_cats_priority`, `products_priority`, `products_categories_priority`, `products_sub_categories_priority`, `brands_priority`) VALUES
(1, 1, 0.8, 0.9, 0.7, 0.4, 0.6, 0.5, 0.3);



/*!40101 SET CHARACTER_SET_CLIENT=@OLD_CHARACTER_SET_CLIENT */;
/*!40101 SET CHARACTER_SET_RESULTS=@OLD_CHARACTER_SET_RESULTS */;
/*!40101 SET COLLATION_CONNECTION=@OLD_COLLATION_CONNECTION */;
