<?xml version="1.0" encoding="UTF-8"?>
<config>
  <log>
    <type>file</type>
    <name>./propel.log</name>
    <ident>propel</ident>
    <level>7</level> <!-- PEAR_LOG_DEBUG -->
    <conf></conf>
  </log>
    <propel>
    <datasources default="Shop">
      <datasource id="Shop">
        <adapter>mysql</adapter> <!-- sqlite, mysql, myssql, oracle, or pgsql -->
        <connection>
          <dsn>mysql:host=localhost;dbname=imagecms</dsn>
          <user>root</user>
          <password></password>
          <settings>
            <setting id="charset">utf8</setting>
          </settings>
        </connection>
      </datasource>
    </datasources>
  </propel>
</config>
